Agdenes,"['http://www.agdenes.kommune.no/', '<Response [200]>', '<Response [404]>']"
Alstahaug,"['http://www.alstahaug.kommune.no/', '<Response [200]>', 'http://www.alstahaug.kommune.no/moetekalender.414993.no.html']"
Alta,"['http://www.alta.kommune.no/', '<Response [200]>', 'http://www.alta.kommune.no/moetekalender-og-sakspapirer.157111.no.html']"
Alvdal,"['http://www.alvdal.kommune.no/', '<Response [200]>', '<Response [404]>']"
Andebu,"['http://www.andebu.kommune.no/', '<Response [503]>', '<Response [503]>']"
Andøy,"['http://www.andoy.net/', '<Response [200]>', '<Response [404]>']"
Aremark,"['http://www.aremark.kommune.no/', '<Response [200]>', '<Response [404]>']"
Arendal,"['http://www.arendal.kommune.no/', '<Response [200]>', '<Response [404]>']"
Asker,"['http://www.asker.kommune.no/', '<Response [200]>', '<Response [404]>']"
Askim,"['http://www.askim.kommune.no/', '<Response [200]>', '<Response [404]>']"
Askvoll,"['http://www.askvoll.kommune.no/', '<Response [200]>', '<Response [404]>']"
Askøy,"['http://www.askoy.kommune.no/', '<Response [200]>', '<Response [404]>']"
Audnedal,"['http://www.audnedal.kommune.no/', '<Response [200]>', '<Response [404]>']"
Aukra,"['http://www.aukra.kommune.no/', '<Response [200]>', '<Response [404]>']"
Aure,"['http://www.aure.kommune.no/', '<Response [200]>', '<Response [404]>']"
Aurland,"['http://www.aurland.kommune.no/', '<Response [200]>', 'http://innsyn.e-kommune.no/innsyn_aurland/wfinnsyn.ashx?response=moteplan_utvalg&utvalg=1&']"
Aurskog-Høland,"['http://www.aurskog-holand.kommune.no/', '<Response [200]>', '<Response [404]>']"
Austevoll,"['http://www.austevoll.kommune.no/', '<Response [200]>', 'https://www.austevoll.kommune.no/innsyn.aspx?response=moteplan_utvalg&utvalg=1&scripturi=/innsyn.aspx&skin=infolink&Mid1=220&']"
Austrheim,"['http://www.austrheim.kommune.no/', '<Response [200]>', '<Response [404]>']"
Averøy,"['http://www.averoy.kommune.no/', '<Response [200]>', 'http://innsyn.averoy.kommune.no/dmb/Details/1#']"
Balestrand,"['http://www.balestrand.kommune.no/', '<Response [200]>', '<Response [404]>']"
Ballangen,"['http://www.ballangen.kommune.no/', '<Response [200]>', '<Response [404]>']"
Balsfjord,"['http://www.balsfjord.kommune.no/', '<Response [200]>', '<Response [404]>']"
Bamble,"['http://www.bamble.kommune.no/', '<Response [200]>', '<Response [404]>']"
Bardu,"['http://www.bardu.kommune.no/', '<Response [200]>', 'https://aspephpub.public.cloudservices.no/Bardu/dmb/Details/12#']"
Beiarn,"['http://www.beiarn.kommune.no/', '<Response [200]>', '<Response [404]>']"
Berg,"['http://www.berg.kommune.no/', '<Response [200]>', '<Response [404]>']"
Bergen,"['http://www.bergen.kommune.no/', '<Response [200]>', '<Response [404]>']"
Berlevåg,"['http://www.berlevag.kommune.no/', '<Response [200]>', '<Response [404]>']"
Bindal,"['http://www.bindal.kommune.no/', '<Response [200]>', '<Response [404]>']"
Birkenes,"['http://www.birkenes.kommune.no/', '<Response [200]>', '<Response [404]>']"
Bjarkøy,"['https://www.bjarkoy.kommune.no/', '<Response [503]>', '<Response [503]>']"
Bjerkreim,"['http://www.bjerkreim.kommune.no/', '<Response [200]>', 'http://innsyn.e-kommune.no/innsyn_bjerkreim/wfinnsyn.ashx?response=moteplan_utvalg&utvalg=5&']"
Bjugn,"['http://www.bjugn.kommune.no/', '<Response [200]>', 'https://www.bjugn.kommune.no/innsyn/']"
Bodø,"['http://www.bodo.kommune.no/', '<Response [200]>', '<Response [404]>']"
Bokn,"['http://www.bokn.kommune.no/', '<Response [200]>', 'https://www.bokn.kommune.no/innsyn.aspx?response=moteplan_utvalg&utvalg=1&scripturi=/innsyn.aspx&skin=infolink&Mid1=260&']"
Bremanger,"['http://www.bremanger.kommune.no/', '<Response [200]>', 'https://bremanger.kommune.no/innsyn_pluss/wfinnsyn.ashx?response=moteplan_utvalg&utvalg=5&']"
Brønnøy,"['http://www.bronnoy.kommune.no/', '<Response [200]>', 'https://einnsyn.evps.no/einnsyn-bro/dmb/Details/2#']"
Bygland,"['http://www.bygland.kommune.no/', '<Response [200]>', 'http://159.171.48.136/eInnsynBygland/dmb/Details/2#']"
Bykle,"['http://www.bykle.kommune.no/', '<Response [200]>', '<Response [404]>']"
Bærum,"['http://www.baerum.kommune.no/', '<Response [200]>', 'https://www.baerum.kommune.no/innsyn/politikk/wfinnsyn.ashx?response=moteplan_utvalg&utvalg=1&']"
Bø i Telemark,"['http://www.bokommune.no/', '<Response [200]>', 'http://innsyn.e-kommune.no/innsyn_bo/wfinnsyn.ashx?response=moteplan_utvalg&utvalg=1&Mid1=2055&']"
Bø i Vesterålen,"['http://www.boe.kommune.no/', '<Response [200]>', '<Response [404]>']"
Bømlo,"['http://www.bomlo.kommune.no/', '<Response [200]>', '<Response [503]>']"
Båtsfjord,"['http://www.batsfjord.kommune.no/', '<Response [200]>', 'http://innsyn.batsfjord.kommune.no/motekalender']"
Dovre,"['http://www.dovre.kommune.no/', '<Response [200]>', '<Response [404]>']"
Drammen,"['http://www.drammen.kommune.no/', '<Response [200]>', '<Response [404]>']"
Drangedal,"['https://www.drangedal.kommune.no/', '<Response [403]>', '<Response [404]>']"
Dyrøy,"['http://www.dyroy.kommune.no/', '<Response [200]>', '<Response [404]>']"
Dønna,"['http://www.donna.kommune.no/', '<Response [200]>', '<Response [404]>']"
Eid,"['http://www.eid.kommune.no/', '<Response [200]>', 'https://eid.kommune.no/innsyn_pluss/wfinnsyn.ashx?response=moteplan_utvalg&utvalg=7&']"
Eide,"['http://www.eide.kommune.no/', '<Response [200]>', 'http://innsyn.eide.kommune.no/dmb/Details/3#']"
Eidfjord,"['http://www.eidfjord.kommune.no/', '<Response [200]>', '<Response [404]>']"
Eidsberg,"['http://www.eidsberg.kommune.no/', '<Response [200]>', '<Response [404]>']"
Eidskog,"['http://www.eidskog.kommune.no/', '<Response [200]>', '<Response [404]>']"
Eidsvoll,"['http://www.eidsvoll.kommune.no/', '<Response [200]>', '<Response [404]>']"
Eigersund,"['http://www.eigersund.kommune.no/', '<Response [200]>', 'http://innsyn.e-kommune.no/innsyn_eigersund_politisk/wfinnsyn.ashx?response=moteplan_utvalg&utvalg=1&']"
Elverum,"['http://www.elverum.kommune.no/', '<Response [200]>', '<Response [404]>']"
Enebakk,"['http://www.enebakk.kommune.no/', '<Response [200]>', '<Response [404]>']"
Engerdal,"['http://www.engerdal.kommune.no/', '<Response [200]>', '<Response [404]>']"
Etne,"['http://www.etne.kommune.no/', '<Response [200]>', '<Response [404]>']"
Etnedal,"['http://www.etnedal.kommune.no/', '<Response [200]>', '<Response [404]>']"
Evenes,"['http://www.evenes.kommune.no/', '<Response [200]>', '<Response [404]>']"
Evje og Hornnes,"['http://www.e-h.kommune.no/', '<Response [200]>', '<Response [404]>']"
Farsund,"['http://www.farsund.kommune.no/', '<Response [200]>', '<Response [404]>']"
Fauske,"['http://www.fauske.kommune.no/', '<Response [200]>', '<Response [404]>']"
Fedje,"['http://www.fedje.kommune.no/', '<Response [200]>', '<Response [404]>']"
Fet,"['http://www.fet.kommune.no/', '<Response [200]>', '<Response [404]>']"
Finnøy,"['http://www.finnoy.kommune.no/', '<Response [200]>', 'http://www.finnoy.kommune.no/innsyn.aspx?response=moteplan_utvalg&utvalg=14&scripturi=/innsyn.aspx&skin=infolink&Mid1=839&']"
Fitjar,"['http://www.fitjar.kommune.no/', '<Response [200]>', '<Response [404]>']"
Fjaler,"['http://hafs.ws.no/', '<Response [404]>', '<Response [404]>']"
Fjell,"['http://www.fjell.kommune.no/', '<Response [200]>', '<Response [404]>']"
Flakstad,"['http://www.flakstad.kommune.no/', '<Response [200]>', '<Response [404]>']"
Flatanger,"['http://www.flatanger.kommune.no/', '<Response [200]>', '<Response [404]>']"
Flekkefjord,"['http://www.flekkefjord.kommune.no/', '<Response [200]>', '<Response [404]>']"
Flesberg,"['http://www.flesberg.kommune.no/', '<Response [200]>', '<Response [404]>']"
Flora,"['http://www.flora.kommune.no/', '<Response [200]>', '<Response [404]>']"
Flå,"['http://www.flaa.kommune.no/', '<Response [200]>', '<Response [404]>']"
Folldal,"['http://www.folldal.kommune.no/', '<Response [200]>', '<Response [404]>']"
Forsand,"['http://www.forsand.kommune.no/', '<Response [200]>', '<Response [404]>']"
Fosnes,"['http://www.fosnes.kommune.no/', '<Response [200]>', '<Response [404]>']"
Fredrikstad,"['http://www.fredrikstad.kommune.no/', '<Response [200]>', '<Response [404]>']"
Frei,"['http://www.frei.kommune.no/', '<Response [404]>', '<Response [404]>']"
Frogn,"['http://www.frogn.kommune.no/', '<Response [200]>', '<Response [404]>']"
Froland,"['http://www.froland.kommune.no/', '<Response [200]>', '<Response [404]>']"
Frosta,"['http://www.frosta.kommune.no/', '<Response [200]>', 'noresponse']"
Fræna,"['http://www.frana.kommune.no/', '<Response [200]>', '<Response [404]>']"
Frøya,"['http://www.froya.kommune.no/', '<Response [200]>', '<Response [404]>']"
Fusa,"['http://www.fusa.kommune.no/', '<Response [200]>', '<Response [404]>']"
Fyresdal,"['http://www.fyresdal.kommune.no/', '<Response [200]>', 'http://innsyn.fyresdal.kommune.no/innsynFyresdal/dmb/Details/32#']"
Førde,"['http://www.forde.kommune.no/', '<Response [200]>', '<Response [404]>']"
Gamvik,"['http://www.gamvik.kommune.no/', '<Response [200]>', '<Response [404]>']"
Gaular,"['http://www.gaular.kommune.no/', '<Response [200]>', '<Response [404]>']"
Gausdal,"['http://www.gausdal.kommune.no/', '<Response [200]>', '<Response [404]>']"
Gildeskål,"['https://gildeskal.kommune.no/', '<Response [200]>', '<Response [404]>']"
Giske,"['http://www.giske.kommune.no/', '<Response [200]>', 'https://www.giske.kommune.no/innsyn.aspx?response=moteplan_utvalg&utvalg=1&scripturi=/innsyn.aspx&skin=infolink&Mid1=1024&']"
Gjemnes,"['http://www.gjemnes.kommune.no/', '<Response [200]>', 'http://innsyn.gjemnes.kommune.no/dmb/Details/2']"
Gjerdrum,"['http://www.gjerdrum.kommune.no/', '<Response [200]>', '<Response [404]>']"
Gjerstad,"['http://www.gjerstad.kommune.no/', '<Response [200]>', '<Response [500]>']"
Gjesdal,"['http://www.gjesdal.kommune.no/', '<Response [200]>', '<Response [404]>']"
Gjøvik,"['http://www.gjovik.kommune.no/', '<Response [200]>', '<Response [404]>']"
Gloppen,"['http://www.gloppen.kommune.no/', '<Response [200]>', '<Response [404]>']"
Gol,"['http://www.gol.kommune.no/', '<Response [200]>', '<Response [404]>']"
Gran,"['http://www.gran.kommune.no/', '<Response [200]>', '<Response [404]>']"
Grane,"['http://www.grane.kommune.no/', '<Response [200]>', '<Response [404]>']"
Granvin Herad,"['http://www.granvin.kommune.no/', '<Response [200]>', 'http://www.granvin.kommune.no/innsyn.aspx?response=moteplan_utvalg&utvalg=10&scripturi=/innsyn.aspx&skin=infolink&Mid1=86&']"
Gratangen,"['http://www.gratangen.kommune.no/', '<Response [200]>', '<Response [404]>']"
Grimstad,"['http://www.grimstad.kommune.no/', '<Response [200]>', '<Response [404]>']"
Grong,"['http://www.grong.kommune.no/', '<Response [200]>', 'http://innsyn.grong.kommune.no/motekalender']"
Grue,"['http://www.grue.kommune.no/', '<Response [200]>', '<Response [404]>']"
Gulen,"['http://gulen.kommune.no/', '<Response [200]>', '<Response [404]>']"
Hadsel,"['http://www.hadsel.kommune.no/', '<Response [200]>', '<Response [404]>']"
Halden,"['http://www.halden.kommune.no/', '<Response [200]>', '<Response [404]>']"
Halsa,"['http://www.halsa.kommune.no/', '<Response [200]>', '<Response [404]>']"
Hamar,"['http://www.hamar.kommune.no/', '<Response [200]>', '<Response [404]>']"
Hamarøy,"['http://www.hamaroy.kommune.no/', '<Response [200]>', '<Response [404]>']"
Hammerfest,"['http://www.hammerfest.kommune.no/', '<Response [200]>', '<Response [404]>']"
Haram,"['http://www.haram.kommune.no/', '<Response [200]>', '<Response [404]>']"
Hareid,"['http://www.hareid.kommune.no/', '<Response [200]>', 'https://innsyn.ssikt.no/hareid/Dmb/Details/1#']"
Harstad,"['http://www.harstad.kommune.no/', '<Response [200]>', '<Response [404]>']"
Hasvik,"['http://www.hasvik.kommune.no/', '<Response [200]>', '<Response [404]>']"
Hattfjelldal,"['http://www.hattfjelldal.kommune.no/', '<Response [200]>', '<Response [404]>']"
Haugesund,"['http://www.haugesund.kommune.no/', '<Response [200]>', '<Response [404]>']"
Hemne,"['http://www.hemne.kommune.no/', '<Response [200]>', 'senere']"
Hemnes,"['http://www.hemnes.kommune.no/', '<Response [200]>', '<Response [404]>']"
Hemsedal,"['http://www.hemsedal.kommune.no/', '<Response [200]>', '<Response [404]>']"
Herøy i Møre,"['http://www.heroy.kommune.no/', '<Response [200]>', 'https://innsyn.ssikt.no/heroy/dmb/Details/3#']"
Herøy i Nordland,"['http://www.heroy-no.kommune.no/', '<Response [200]>', 'http://www.heroy-no.kommune.no/moetekalender.406243.no.html']"
Hitra,"['http://www.hitra.kommune.no/', '<Response [200]>', '<Response [404]>']"
Hjartdal,"['http://www.hjartdal.kommune.no/', '<Response [200]>', '<Response [404]>']"
Hjelmeland,"['http://www.hjelmeland.kommune.no/', '<Response [200]>', '<Response [404]>']"
Hobøl,"['http://www.hobol.kommune.no/', '<Response [200]>', '<Response [404]>']"
Hof,"['http://www.hof.kommune.no/', '<Response [200]>', 'http://www.holmestrand.kommune.no/innsyn/']"
Hol,"['http://www.hol.kommune.no/', '<Response [200]>', '<Response [404]>']"
Hole,"['http://www.hole.kommune.no/', '<Response [200]>', '<Response [404]>']"
Holmestrand,"['http://www.holmestrand.kommune.no/', '<Response [200]>', 'http://www.holmestrand.kommune.no/innsyn/wfinnsyn.ashx?response=moteplan_utvalg&utvalg=1&']"
Holtålen,"['http://www.holtalen.kommune.no/', '<Response [403]>', '<Response [403]>']"
Hornindal,"['http://www.hornindal.kommune.no/', '<Response [200]>', '<Response [404]>']"
Horten,"['http://www.horten.kommune.no/', '<Response [200]>', 'https://www.horten.kommune.no/innsyn.aspx?response=moteplan_utvalg&utvalg=13&scripturi=/innsyn.aspx&skin=infolink&Mid1=14134&']"
Hurdal,"['http://www.hurdal.kommune.no/', '<Response [200]>', '<Response [404]>']"
Hurum,"['http://www.hurum.kommune.no/', '<Response [200]>', '<Response [404]>']"
Hvaler,"['http://www.hvaler.kommune.no/', '<Response [200]>', '<Response [404]>']"
Hyllestad,"['http://www.hafs.no/', '<Response [200]>', '<Response [404]>']"
Hægebostad,"['http://www.haegebostad.kommune.no/', '<Response [200]>', '<Response [404]>']"
Høyanger,"['http://www.hoyanger.kommune.no/', '<Response [200]>', '<Response [404]>']"
Høylandet,"['http://www.hoylandet.kommune.no/', '<Response [200]>', 'http://innsyn.hoylandet.kommune.no/motekalender']"
Hå,"['http://www.ha.kommune.no/', '<Response [200]>', '<Response [404]>']"
Ibestad,"['http://www.ibestad.kommune.no/', '<Response [200]>', '<Response [404]>']"
Inderøy,"['http://www.inderoy.kommune.no/', '<Response [200]>', 'http://217.168.95.230/eInnsyn-ind/dmb/Details/1#']"
Iveland,"['http://www.iveland.kommune.no/', '<Response [200]>', 'http://159.171.48.136/eInnsynIveland/dmb/Details/1']"
Jevnaker,"['http://www.jevnaker.kommune.no/', '<Response [200]>', '<Response [404]>']"
Jondal,"['http://www.jondal.kommune.no/', '<Response [200]>', '<Response [404]>']"
Jølster,"['http://www.jolster.kommune.no/', '<Response [200]>', '<Response [404]>']"
Karasjok,"['http://www.karasjok.kommune.no/', '<Response [200]>', 'http://postlister.avjovarre.no/Innsyn_Karasjok/Dmb/Details/4#']"
Karlsøy,"['http://www.karlsoy.kommune.no/', '<Response [200]>', '<Response [404]>']"
Karmøy,"['http://www.karmoy.kommune.no/', '<Response [200]>', '<Response [404]>']"
Kautokeino,"['http://www.kautokeino.kommune.no/', '<Response [200]>', '<Response [404]>']"
Klepp,"['http://www.klepp.kommune.no/', '<Response [200]>', '<Response [404]>']"
Klæbu,"['http://www.klabu.kommune.no/', '<Response [200]>', '<Response [404]>']"
Kongsberg,"['http://www.kongsberg.kommune.no/', '<Response [200]>', 'https://prokomresources.prokomcdn.no/plugins/sru-v2/iframe-app/app.html?url=//sru2.kongsberg.kommune.no/#se:utvalg/utvalgid:337']"
Kongsvinger,"['http://www.kongsvinger.kommune.no/', '<Response [200]>', '<Response [404]>']"
Kragerø,"['http://www.kragero.kommune.no/', '<Response [200]>', '<Response [404]>']"
Kristiansand,"['http://www.kristiansand.kommune.no/', '<Response [200]>', '<Response [404]>']"
Kristiansund,"['http://www.kristiansund.kommune.no/', '<Response [200]>', 'http://innsyn.kristiansund.kommune.no/Dmb/Details/3#']"
Krødsherad,"['http://www.krodsherad.kommune.no/', '<Response [200]>', '<Response [404]>']"
Kvalsund,"['http://www.kvalsund.kommune.no/', '<Response [200]>', '<Response [404]>']"
Kvam herad,"['http://www.kvam.kommune.no/', '<Response [200]>', 'https://www.kvam.no/innsyn.aspx?response=moteplan_utvalg&utvalg=11&scripturi=/innsyn.aspx&skin=infolink&Mid1=214&']"
Kvinesdal,"['http://www.kvinesdal.kommune.no/', '<Response [200]>', '<Response [404]>']"
Kvinnherad,"['http://www.kvinnherad.kommune.no/', '<Response [200]>', '<Response [404]>']"
Kviteseid,"['http://www.kviteseid.kommune.no/', '<Response [200]>', 'http://www.kviteseid.kommune.no/politikk/sakskart-og-moeteboeker/kommunestyret#']"
Kvitsøy,"['http://www.kvitsoy.kommune.no/', '<Response [200]>', '<Response [404]>']"
Kvæfjord,"['http://www.kvafjord.kommune.no/', '<Response [200]>', 'http://innsyn.kvafjord.kommune.no/eInnsyn/utvalg/Details/1#']"
Kvænangen,"['http://www.kvanangen.kommune.no/', '<Response [200]>', '<Response [404]>']"
Kåfjord,"['http://www.kafjord.kommune.no/', '<Response [200]>', '<Response [404]>']"
Lardal,"['http://www.lardal.kommune.no/', '<Response [200]>', '<Response [404]>']"
Larvik,"['http://www.larvik.kommune.no/', '<Response [200]>', '<Response [404]>']"
Lavangen,"['http://www.lavangen.kommune.no/', '<Response [200]>', '<Response [404]>']"
Lebesby,"['http://www.lebesby.kommune.no/', '<Response [200]>', 'http://www.lebesby.kommune.no/moetekalender.372722.no.html']"
Leikanger,"['http://www.leikanger.kommune.no/', '<Response [200]>', '<Response [404]>']"
Leirfjord,"['http://www.leirfjord.kommune.no/', '<Response [200]>', '<Response [404]>']"
Leka,"['http://www.leka.kommune.no/', '<Response [200]>', '<Response [404]>']"
Leksvik,"['http://www.leksvik.kommune.no/', '<Response [200]>', '<Response [503]>']"
Lenvik,"['http://www.lenvik.kommune.no/', '<Response [200]>', '<Response [404]>']"
Lesja,"['http://www.lesja.kommune.no/', '<Response [200]>', '<Response [404]>']"
Levanger,"['http://www.levanger.kommune.no/', '<Response [200]>', '<Response [404]>']"
Lier,"['http://www.lier.kommune.no/', '<Response [200]>', '<Response [404]>']"
Lierne,"['http://www.lierne.kommune.no/', '<Response [200]>', '<Response [404]>']"
Lillehammer,"['http://www.lillehammer.kommune.no/', '<Response [200]>', '<Response [404]>']"
Lillesand,"['http://www.lillesand.kommune.no/', '<Response [200]>', 'http://innsyn.lillesand.kommune.no/innsyn6/wfinnsyn.ashx?response=moteplan_utvalg&utvalg=27&']"
Lindesnes,"['http://www.lindesnes.kommune.no/', '<Response [200]>', '<Response [404]>']"
Lindås,"['http://www.lindas.kommune.no/', '<Response [200]>', '<Response [404]>']"
Lom,"['http://lom.kommune.no/', '<Response [200]>', '<Response [404]>']"
Longyearbyen,"['http://www.lokalstyre.no/', '<Response [200]>', '<Response [404]>']"
Loppa,"['http://www.loppa.kommune.no/', '<Response [200]>', '<Response [404]>']"
Lund,"['http://www.lund.kommune.no/', '<Response [200]>', '<Response [404]>']"
Lunner,"['http://www.lunner.kommune.no/', '<Response [200]>', 'https://www.lunner.kommune.no/sakspapirer.299785.no.html']"
Lurøy,"['http://www.luroy.kommune.no/', '<Response [200]>', '<Response [404]>']"
Luster,"['http://www.luster.kommune.no/', '<Response [200]>', '<Response [404]>']"
Lyngdal,"['http://www.lyngdal.kommune.no/', '<Response [200]>', 'https://prokomresources.prokomcdn.no/plugins/sru-v2/iframe-app/app.html?url=https://sru.lyngdal.kommune.no/sru2&v=1.01&js=//www.lyngdal.kommune.no/globalassets/systembokser/js/srudocreader.js#se:utvalg/utvalgid:8']"
Lyngen,"['http://www.lyngen.kommune.no/', '<Response [200]>', '<Response [404]>']"
Lærdal,"['http://www.laerdal.kommune.no/', '<Response [200]>', '<Response [404]>']"
Lødingen,"['http://www.lodingen.kommune.no/', '<Response [200]>', '<Response [404]>']"
Lørenskog,"['http://www.lorenskog.kommune.no/', '<Response [200]>', '<Response [404]>']"
Løten,"['http://www.loten.kommune.no/', '<Response [200]>', '<Response [404]>']"
Malvik,"['http://www.malvik.kommune.no/', '<Response [200]>', '<Response [404]>']"
Mandal,"['http://www.mandal.kommune.no/', '<Response [200]>', '<Response [404]>']"
Marker,"['http://www.marker.kommune.no/', '<Response [200]>', 'http://innsyn.e-kommune.no/innsyn_marker/wfinnsyn.ashx?response=moteplan_utvalg&utvalg=1&']"
Marnardal,"['http://www.marnardal.kommune.no/', '<Response [200]>', '<Response [404]>']"
Masfjorden,"['http://www.masfjorden.kommune.no/', '<Response [200]>', '<Response [404]>']"
Meland,"['http://www.meland.kommune.no/', '<Response [200]>', '<Response [404]>']"
Meldal,"['http://www.meldal.kommune.no/', '<Response [200]>', '<Response [404]>']"
Melhus,"['http://www.melhus.kommune.no/', '<Response [200]>', '<Response [404]>']"
Meløy,"['http://www.meloy.kommune.no/', '', '<Response [404]>']"
Meråker,"['http://www.meraker.kommune.no/', '<Response [200]>', 'http://einnsyn.meraker.kommune.no/einnsyn/utvalg/Details/2#']"
Midsund,"['http://www.midsund.kommune.no/', '<Response [200]>', '<Response [404]>']"
Midtre Gauldal,"['http://www.midtre-gauldal.kommune.no/', '<Response [200]>', '<Response [404]>']"
Modalen,"['http://www.modalen.kommune.no/', '<Response [200]>', '<Response [404]>']"
Modum,"['http://www.modum.kommune.no/', '<Response [200]>', '<Response [404]>']"
Molde,"['http://www.molde.kommune.no/', '<Response [200]>', '<Response [404]>']"
Moskenes,"['http://www.moskenes.kommune.no/', '<Response [200]>', '<Response [404]>']"
Moss,"['http://www.moss.kommune.no/', '<Response [200]>', '<Response [404]>']"
Mosvik,"['http://www.mosvik.kommune.no/', '<Response [503]>', '<Response [503]>']"
Målselv,"['https://www.malselv.kommune.no/', '<Response [200]>', '<Response [404]>']"
Måsøy,"['http://www.masoy.kommune.no/', '<Response [200]>', '<Response [404]>']"
Namdalseid,"['http://www.namdalseid.kommune.no/', '<Response [200]>', '<Response [404]>']"
Namsos,"['http://www.namsos.kommune.no/', '<Response [200]>', '<Response [404]>']"
Namsskogan,"['http://www.namsskogan.kommune.no/', '<Response [200]>', '<Response [404]>']"
Nannestad,"['http://www.nannestad.kommune.no/', '<Response [200]>', '<Response [404]>']"
Narvik,"['http://www.narvik.kommune.no/', '<Response [200]>', '<Response [404]>']"
Naustdal,"['http://www.naustdal.kommune.no/', '<Response [200]>', 'https://www.naustdal.kommune.no/innsyn.aspx?response=moteplan_utvalg&utvalg=5&scripturi=/innsyn.aspx&skin=infolink&Mid1=10244&']"
Nedre Eiker,"['http://www.nedre-eiker.kommune.no/', '<Response [200]>', '<Response [404]>']"
Nes i Akershus,"['http://www.nes-ak.kommune.no/', '<Response [200]>', '<Response [404]>']"
Nes i Buskerud,"['http://www.nes-bu.kommune.no/', '<Response [200]>', '<Response [404]>']"
Nesna,"['http://www.nesna.kommune.no/', '<Response [200]>', 'https://innsyn.nesna.kommune.no/motekalender']"
Nesodden,"['http://www.nesodden.kommune.no/', '<Response [200]>', '<Response [404]>']"
Nesseby,"['http://www.nesseby.kommune.no/', '<Response [200]>', '<Response [404]>']"
Nesset,"['http://www.nesset.kommune.no/', '<Response [200]>', 'https://www.nesset.kommune.no/politikk/politiske-saker/']"
Nissedal,"['http://www.nissedal.kommune.no/', '<Response [200]>', 'http://innsyn.nissedal.kommune.no/innsynNissedal/dmb/Details/1']"
Nittedal,"['http://www.nittedal.kommune.no/', '<Response [200]>', '<Response [404]>']"
Nome,"['http://www.nome.kommune.no/', '<Response [200]>', 'http://innsyn.e-kommune.no/innsyn_nome/wfinnsyn.ashx?response=moteplan_utvalg&utvalg=2&']"
Nord-Aurdal,"['http://www.nord-aurdal.kommune.no/', '<Response [200]>', '<Response [404]>']"
Norddal,"['http://www.norddal.kommune.no/', '<Response [200]>', '<Response [404]>']"
Nord-Fron,"['http://www.nord-fron.kommune.no/', '<Response [200]>', '<Response [404]>']"
Nordkapp,"['http://www.nordkapp.kommune.no/', '<Response [200]>', '<Response [404]>']"
Nord-Odal,"['http://www.nord-odal.kommune.no/', '<Response [200]>', '<Response [404]>']"
Nordre Land,"['http://www.nordre-land.kommune.no/', '<Response [200]>', 'https://innsyn.nordre-land.kommune.no/wfinnsyn.ashx?response=moteplan_utvalg&utvalg=1&']"
Nordreisa,"['http://www.nordreisa.kommune.no/', '<Response [200]>', '<Response [404]>']"
Nore og Uvdal,"['http://www.nore-og-uvdal.kommune.no/', '<Response [200]>', '<Response [404]>']"
Notodden,"['http://www.notodden.kommune.no/', '<Response [200]>', '<Response [404]>']"
Nærøy,"['http://www.naroy.kommune.no/', '<Response [200]>', '<Response [404]>']"
Odda,"['http://www.odda.kommune.no/', '<Response [200]>', 'https://www.odda.kommune.no/innsyn.aspx?response=moteplan_utvalg&&utvalg=1&scripturi=/innsyn.aspx&skin=infolink&Mid1=64&']"
Oppdal,"['http://www.oppdal.kommune.no/', '<Response [200]>', 'http://93.89.112.77/eInnsyn/dmb/Details/1#']"
Oppegård,"['http://www.oppegard.kommune.no/', '<Response [200]>', '<Response [404]>']"
Orkdal,"['http://www.orkdal.kommune.no/', '<Response [200]>', '<Response [404]>']"
Os i Hedmark,"['http://www.os.kommune.no/', '<Response [403]>', '<Response [403]>']"
Os i Hordaland,"['http://www.os.hordaland.no/', '<Response [200]>', 'https://oskommune.no/innsyn.aspx?response=moteplan_utvalg&utvalg=1&scripturi=/innsyn.aspx&skin=infolink&Mid1=563&']"
Osen,"['http://www.osen.kommune.no/', '<Response [200]>', '<Response [404]>']"
Oslo,"['http://www.oslo.kommune.no/', '<Response [200]>', 'https://tjenester.oslo.kommune.no/ekstern/einnsyn/sok?contentTypes=Moetemappe&kommune0=http%3A%2F%2Fdata.oslo.kommune.no%2Fvirksomhet%2FosloKommune&kommune1=http%3A%2F%2Fdata.oslo.kommune.no%2Fvirksomhet%2F976819853&kommune1=http%3A%2F%2Fdata.oslo.kommune.no%2Fvirksomhet%2F976819837&kommune2=http%3A%2F%2Fdata.oslo.kommune.no%2Futvalg%2FB--976819853&kommune2=http%3A%2F%2Fdata.oslo.kommune.no%2Futvalg%2FBR2--976819837&kommune2=http%3A%2F%2Fdata.oslo.kommune.no%2Futvalg%2FBR1--976819837']"
Osterøy,"['http://www.osteroy.kommune.no/', '<Response [200]>', '<Response [404]>']"
Overhalla,"['http://www.overhalla.kommune.no/', '<Response [200]>', '<Response [404]>']"
Porsanger,"['http://www.porsanger.kommune.no/', '<Response [200]>', '<Response [404]>']"
Porsgrunn,"['http://www.porsgrunn.kommune.no/', '', 'noresponse']"
Radøy,"['http://www.radoy.kommune.no/', '<Response [200]>', '<Response [404]>']"
Rakkestad,"['http://www.rakkestad.kommune.no/', '<Response [200]>', '<Response [404]>']"
Rana,"['http://www.rana.kommune.no/', '<Response [200]>', '<Response [404]>']"
Randaberg,"['http://www.randaberg.kommune.no/', '<Response [200]>', '<Response [404]>']"
Rauma,"['http://www.rauma.kommune.no/', '<Response [200]>', '<Response [404]>']"
Re,"['http://www.re.kommune.no/', '<Response [200]>', 'http://www.re.kommune.no/innsyn/wfinnsyn.ashx?response=moteplan_utvalg&utvalg=2&']"
Rendalen,"['http://www.rendalen.kommune.no/', '<Response [200]>', '<Response [404]>']"
Rennebu,"['http://www.rennebu.kommune.no/', '<Response [200]>', '<Response [404]>']"
Rennesøy,"['http://www.rennesoy.kommune.no/', '<Response [200]>', '<Response [404]>']"
Rindal,"['http://www.rindal.kommune.no/', '<Response [200]>', '<Response [404]>']"
Ringebu,"['http://www.ringebu.kommune.no/', '<Response [200]>', 'http://www.ringebu.kommune.no/innsyn/wfinnsyn.ashx?response=moteplan_utvalg&utvalg=1&']"
Ringerike,"['http://www.ringerike.kommune.no/', '<Response [200]>', '<Response [404]>']"
Ringsaker,"['http://www.ringsaker.kommune.no/', '<Response [200]>', 'https://www1.ringsaker.kommune.no/innsyn6/wfinnsyn.ashx?response=moteplan_utvalg&utvalg=1&']"
Rissa,"['http://www.rissa.kommune.no/', '<Response [200]>', '<Response [503]>']"
Risør,"['http://www.risor.kommune.no/', '<Response [200]>', '<Response [500]>']"
Roan,"['http://www.roan.kommune.no/', '<Response [200]>', '<Response [500]>']"
Rollag,"['http://www.rollag.kommune.no/', '<Response [200]>', '<Response [404]>']"
Rygge,"['http://www.rygge.kommune.no/', '<Response [200]>', '<Response [404]>']"
Rælingen,"['http://www.ralingen.kommune.no/', '<Response [200]>', 'http://opengov.cloudapp.net/Meetings/songdalen/Boards/Details/200087']"
Rødøy,"['http://www.rodoy.kommune.no/', '<Response [200]>', 'http://www.rodoy.kommune.no/artikkel.aspx?MId1=130&AId=472']"
Rømskog,"['http://www.romskog.kommune.no/', '<Response [200]>', '<Response [404]>']"
Røros,"['http://www.roros.kommune.no/', '<Response [403]>', '<Response [403]>']"
Røst,"['http://www.rost.kommune.no/', '<Response [200]>', '<Response [404]>']"
Røyken,"['http://www.royken.kommune.no/', '<Response [200]>', '<Response [404]>']"
Røyrvik,"['http://www.royrvik.kommune.no/', '<Response [200]>', 'http://innsyn.royrvik.kommune.no/motekalender']"
Råde,"['http://www.rade.kommune.no/', '<Response [200]>', 'https://www.rade.kommune.no/innsyn.aspx?response=moteplan_utvalg&utvalg=20&scripturi=/innsyn.aspx&skin=infolink&Mid1=12&pf=PI']"
Salangen,"['http://www.salangen.kommune.no/', '<Response [200]>', '<Response [404]>']"
Saltdal,"['http://www.saltdal.kommune.no/', '<Response [200]>', '<Response [404]>']"
Samnanger,"['http://www.samnanger.kommune.no/', '<Response [200]>', '<Response [404]>']"
Sande i Møre,"['http://www.sande-mr.kommune.no/', '<Response [200]>', 'https://innsyn.ssikt.no/sande/dmb/Details/2']"
Sande i Vestfold,"['http://www.sande-ve.kommune.no/', '<Response [200]>', '<Response [404]>']"
Sandefjord,"['http://www.sandefjord.kommune.no/', '<Response [200]>', 'https://innsyn.sandefjord.kommune.no/politisk/wfinnsyn.ashx?response=moteplan_utvalg&utvalg=2&']"
Sandnes,"['http://www.sandnes.kommune.no/', '<Response [200]>', '<Response [404]>']"
Sandøy,"['http://www.sandoy.kommune.no/', '<Response [200]>', '<Response [404]>']"
Sarpsborg,"['http://www.sarpsborg.kommune.no/', '<Response [200]>', '<Response [404]>']"
Sauda,"['http://www.sauda.kommune.no/', '<Response [200]>', 'https://innsyn.e-kommune.no/innsyn_sauda/wfinnsyn.ashx?response=moteplan_utvalg&utvalg=1&Mid1=1650&']"
Sauherad,"['http://www.sauherad.kommune.no/', '<Response [200]>', '<Response [404]>']"
Sel,"['http://www.sel.kommune.no/', '<Response [200]>', '<Response [404]>']"
Selbu,"['http://www.selbu.kommune.no/', '<Response [200]>', 'noresponse']"
Selje,"['http://www.selje.kommune.no/', '<Response [200]>', '<Response [404]>']"
Seljord,"['http://www.seljord.kommune.no/', '<Response [200]>', 'http://innsyn.seljord.kommune.no/innsynSeljord/dmb/Details/1']"
Sigdal,"['http://www.sigdal.kommune.no/', '<Response [200]>', '<Response [404]>']"
Siljan,"['http://www.siljan.kommune.no/', '<Response [200]>', '<Response [404]>']"
Sirdal,"['http://www.sirdal.kommune.no/', '<Response [200]>', '<Response [404]>']"
Skaun,"['http://www.skaun.kommune.no/', '<Response [200]>', '<Response [404]>']"
Skedsmo,"['http://www.skedsmo.kommune.no/', '<Response [200]>', '<Response [404]>']"
Ski,"['http://www.ski.kommune.no/', '<Response [200]>', '<Response [404]>']"
Skien,"['http://www.skien.kommune.no/', '<Response [200]>', '<Response [404]>']"
Skiptvet,"['http://www.skiptvet.kommune.no/', '<Response [200]>', '<Response [404]>']"
Skjervøy,"['http://www.skjervoy.kommune.no/', '<Response [200]>', '<Response [404]>']"
Skjåk,"['http://www.skjaak.kommune.no/', '<Response [200]>', '<Response [404]>']"
Skodje,"['http://www.skodje.kommune.no/', '<Response [200]>', 'https://www.skodje.kommune.no/innsyn.aspx?response=moteplan_utvalg&utvalg=1&scripturi=/innsyn.aspx&skin=infolink&Mid1=262&']"
Skånland,"['http://www.skanland.kommune.no/', '<Response [200]>', '<Response [404]>']"
Smøla,"['http://www.smola.kommune.no/', '<Response [200]>', '<Response [404]>']"
Snillfjord,"['http://www.snillfjord.kommune.no/', '<Response [200]>', '<Response [404]>']"
Snåsa,"['http://www.snasa.kommune.no/', '<Response [200]>', '<Response [404]>']"
Sogndal,"['http://www.sogndal.kommune.no/', '<Response [200]>', '<Response [404]>']"
Sokndal,"['http://www.sokndal.kommune.no/', '<Response [200]>', '<Response [404]>']"
Sola,"['http://www.sola.kommune.no/', '<Response [200]>', 'https://nyttinnsyn.sola.kommune.no/wfinnsyn.ashx?response=moteplan_utvalg&utvalg=5&']"
Solund,"['http://www.solund.kommune.no/', '<Response [200]>', '<Response [404]>']"
Sogndalen,"['http://www.songdalen.kommune.no/', '<Response [200]>', 'http://opengov.cloudapp.net/Meetings/songdalen/Boards/Details/200087']"
Sortland,"['http://www.sortland.kommune.no/', '<Response [200]>', 'https://www.sortland.kommune.no/innsyn.aspx?response=moteplan_utvalg&utvalg=1&scripturi=/innsyn.aspx&skin=infolink&Mid1=10305&']"
Spydeberg,"['http://www.spydeberg.kommune.no/', '<Response [200]>', '<Response [404]>']"
Stange,"['http://www.stange.kommune.no/', '<Response [200]>', '<Response [404]>']"
Stavanger,"['http://www.stavanger.kommune.no/', '<Response [200]>', '<Response [404]>']"
Steigen,"['http://www.steigen.kommune.no/', '<Response [200]>', '<Response [404]>']"
Steinkjer,"['http://www.steinkjer.kommune.no/', '<Response [200]>', '<Response [404]>']"
Stjørdal,"['http://www.stjordal.kommune.no/', '<Response [200]>', 'noresponse']"
Stokke,"['http://www.stokke.kommune.no/', '<Response [503]>', '<Response [503]>']"
Stord,"['http://www.stord.kommune.no/', '<Response [200]>', '<Response [404]>']"
Stordal,"['http://www.stordal.kommune.no/', '<Response [200]>', '<Response [404]>']"
Stor-Elvdal,"['http://www.stor-elvdal.kommune.no/', '<Response [200]>', '<Response [404]>']"
Storfjord,"['http://www.storfjord.kommune.no/', '<Response [200]>', '<Response [404]>']"
Strand,"['http://www.strand.kommune.no/', '<Response [200]>', 'https://innsyn.e-kommune.no/innsyn_strand/wfinnsyn.ashx?response=moteplan_utvalg&utvalg=1&Mid1=1349&']"
Stranda,"['http://www.stranda.kommune.no/', '<Response [200]>', '<Response [404]>']"
Stryn,"['http://www.stryn.kommune.no/', '<Response [200]>', '<Response [404]>']"
Sula,"['http://www.sula.kommune.no/', '<Response [200]>', '<Response [404]>']"
Suldal,"['http://www.suldal.net/', '<Response [200]>', '<Response [503]>']"
Sund,"['http://www.sund.kommune.no/', '<Response [200]>', 'https://www.sund.kommune.no/innsyn.aspx?response=moteplan_utvalg&utvalg=20&scripturi=/innsyn.aspx&skin=infolink&Mid1=29&']"
Sunndal,"['http://www.sunndal.kommune.no/', '<Response [200]>', 'http://innsyn.sunndal.kommune.no/dmb/Details/4']"
Surnadal,"['http://www.surnadal.kommune.no/', '<Response [200]>', 'http://innsyn.surnadal.kommune.no/dmb/Details/1']"
Sveio,"['http://www.sveio.kommune.no/', '<Response [200]>', '<Response [404]>']"
Svelvik,"['http://www.svelvik.kommune.no/', '<Response [200]>', '<Response [404]>']"
Sykkylven,"['http://www.sykkylven.kommune.no/', '<Response [200]>', '<Response [404]>']"
Søgne,"['http://www.sogne.kommune.no/', '<Response [200]>', '<Response [404]>']"
Sømna,"['http://www.somna.kommune.no/', '<Response [200]>', '<Response [404]>']"
Søndre Land,"['http://www.sondre-land.kommune.no/', '<Response [200]>', '<Response [404]>']"
Sør-Aurdal,https://www.sor-aurdal.kommune.no/toppvalg/politikk-valg/moteplan-og-saker/
Sørfold,"['http://www.sorfold.kommune.no/', '<Response [200]>', 'http://aspephpub.public.cloudservices.no/Sorfold/Dmb#']"
Sør-Fon,"['http://www.sor-fron.kommune.no/', '<Response [200]>', 'https://www.sor-fron.kommune.no/politikk/moteplaner-og-saker/']"
Sør-Odal,"['http://www.sor-odal.kommune.no/', '<Response [200]>', 'http://innsyn.e-kommune.no/innsyn_sorodal/wfinnsyn.ashx?response=moteplan_utvalg&utvalg=1&']"
Sørreisa,"['http://www.sorreisa.kommune.no/', '<Response [200]>', 'https://aspephpub.public.cloudservices.no/Sorreisa/dmb']"
Sørum,"['http://www.sorum.kommune.no/', '<Response [200]>', 'http://opengov.cloudapp.net/Meetings/SORUM/Boards/Details/206467']"
Sør-Varanger,"['http://www.sor-varanger.kommune.no/', '<Response [200]>', 'http://innsyn.e-kommune.no/innsyn_sorvaranger/wfinnsyn.ashx?response=moteplan_utvalg&utvalg=19&']"
Tana,"['http://www.tana.kommune.no/', '<Response [200]>', 'http://einnsyn.tana.kommune.no/einnsynTana/Dmb/Details/1']"
Time,"['http://www.time.kommune.no/', '<Response [200]>', 'https://innsyn.e-kommune.no/innsyn_time/wfinnsyn.ashx?response=moteplan_utvalg&utvalg=2&Mid1=14773&']"
Tingvoll,"['http://www.tingvoll.kommune.no/', '<Response [200]>', 'https://www.tingvoll.kommune.no/politikk/moteplan/moteplan-2018/']"
Tinn,"['http://www.tinn.kommune.no/', '<Response [200]>', 'http://einnsyn.tinn.kommune.no/Dmb/Details/1#']"
Tjeldsund,"['http://www.tjeldsund.kommune.no/', '<Response [200]>', 'http://innsyn.tjeldsund.kommune.no/eInnsyntje/utvalg']"
Tokke,"['http://www.tokke.kommune.no/', '<Response [200]>', 'http://www.tokke.kommune.no/politikk/sakskart-og-moeteboeker']"
Tolga,"['http://www.tolga.kommune.no/', '<Response [200]>', 'https://www.tolga.kommune.no/politikk/motekalender/']"
Torsken,"['http://www.torsken.kommune.no/', '<Response [200]>', 'http://www.torsken.kommune.no/moeteprotokoll.130372.no.html']"
Tranøy,"['http://www.tranoy.kommune.no/', '<Response [200]>', 'http://www.tranoy.kommune.no/moetekalender.449290.no.html']"
Tromsø,"['http://www.tromso.kommune.no/', '<Response [200]>', 'https://innsyn.tromso.kommune.no/motekalender/']"
Trondheim,"['http://www.trondheim.kommune.no/', '<Response [200]>', 'https://innsyn.trondheim.kommune.no/motekalender/']"
Trysil,"['http://www.trysil.kommune.no/', '<Response [200]>', 'http://einnsyn.sate.no/Trysil/Dmb#']"
Træna,"['http://www.trana.kommune.no/', '<Response [200]>', 'http://www.trana.kommune.no/politisk-moetekalender.455918.no.html']"
Trøgstad,"['http://www.trogstad.kommune.no/', '<Response [200]>', 'https://innsyn.trogstad.kommune.no/wfinnsyn.ashx?response=moteplan&']"
Tvedestrand,"['http://www.tvedestrand.kommune.no/', '<Response [200]>', 'http://159.171.0.170/einnsyn-TVE/Dmb#']"
Tydal,"['http://www.tydal.kommune.no/', '<Response [200]>', 'http://einnsyn.tydal.kommune.no/eInnsyn/utvalg/Details/2#']"
Tynset,"['http://www.tynset.kommune.no/', '<Response [200]>', 'https://www.tynset.kommune.no/politikk-og-samfunn/motekalender-politiske-saker/']"
Tysfjord,"['http://www.tysfjord.kommune.no/', '<Response [200]>', 'https://www.tysfjord.kommune.no/sakslister-og-moeteprotokoller-2018.6080397-102363.html']"
Tysnes,"['http://www.tysnes.kommune.no/', '<Response [200]>', 'http://www.tysnes.kommune.no/moetekalender.321808.nn.html']"
Tysvær,"['http://www.tysver.kommune.no/', '<Response [200]>', '<Response [404]>']"
Tønsberg,"['http://www.tonsberg.kommune.no/', '<Response [200]>', 'http://innsyn.v-man.no/tbg/wfinnsyn.ashx?response=moteplan&']"
Ullensaker,"['http://www.ullensaker.kommune.no/', '<Response [200]>', 'http://www.ullensaker.kommune.no/politisk-motekalender/#se:utvalg/utvalgid:1']"
Ullensvang,"['http://www.ullensvang.herad.no/', '<Response [200]>', 'senere']"
Ulstein,"['http://www.ulstein.kommune.no/', '<Response [200]>', 'https://innsyn.ssikt.no/ulstein/Dmb/Details/1']"
Ulvik,"['http://www.ulvik.kommune.no/', '<Response [200]>', 'https://www.ulvik.kommune.no/innsyn.aspx?response=moteplan_utvalg&utvalg=13&scripturi=/innsyn.aspx&skin=infolink&Mid1=10522&']"
Utsira,"['http://www.utsira.kommune.no/', '<Response [200]>', 'senere']"
Vadsø,"['http://www.vadso.kommune.no/', '<Response [200]>', 'https://www.vadso.kommune.no/innsyn.aspx?response=moteplan_utvalg&utvalg=3&scripturi=/innsyn.aspx&skin=infolink&Mid1=148&']"
Vaksdal,"['http://www.vaksdal.kommune.no/', '<Response [200]>', 'http://innsyn.sing.no/Vaksdal/innsyn/wfinnsyn.ashx?response=moteplan_utvalg&utvalg=3&']"
Valle,"['http://www.valle.kommune.no/', '<Response [200]>', 'http://159.171.48.136/eInnsynValle/dmb/Details/5']"
Vang,"['http://www.vang.kommune.no/', '<Response [200]>', 'https://www.vang.kommune.no/undermeny/politikk-ordforar/moteplan/']"
Vanylven,"['http://www.vanylven.kommune.no/', '<Response [200]>', 'https://innsyn.ssikt.no/vanylven/Dmb/Details/3']"
Vardø,"['http://www.vardo.kommune.no/', '<Response [200]>', 'http://opengov.cloudapp.net/Meetings/Vardo/Boards/Details/200056']"
Vefsn,"['http://www.vefsn.kommune.no/', '<Response [200]>', 'http://jupiter.vefsn.kommune.no:8080/motekalender']"
Vega,"['http://www.vega.kommune.no/', '<Response [200]>', 'https://einnsyn.evps.no/einnsyn-veg/dmb#']"
Vegårshei,"['http://www.vegarshei.kommune.no/', '<Response [200]>', 'http://159.171.0.170/einnsyn-VEG/dmb#']"
Vennesla,"['http://www.vennesla.kommune.no/', '<Response [200]>', 'http://opengov.cloudapp.net/Meetings/vennesla/Boards/Details/204570']"
Verdal,"['http://www.verdal.kommune.no/', '<Response [200]>', 'senere']"
Verran,"['http://www.verran.kommune.no/', '<Response [200]>', 'http://217.168.95.230/eInnsyn-verr/Dmb#']"
Vestby,"['http://www.vestby.kommune.no/', '<Response [200]>', 'https://www.vestby.kommune.no/politikk.76124.no.html']"
Vestnes,"['http://www.vestby.kommune.no/', '<Response [200]>', '<Response [404]>']"
Vestre Slidre,"['http://www.vestre-slidre.kommune.no/', '<Response [200]>', 'https://www.vestre-slidre.kommune.no/administrasjon/politikk-rad-og-utval/motekalender/']"
Vestre Toten,"['http://www.vestre-toten.kommune.no/', '<Response [200]>', 'senere']"
Vestvågøy,"['http://www.vestvagoy.kommune.no/', '<Response [200]>', 'https://www.vestvagoy.kommune.no/politikk-og-organisasjon/politisk-motekalender-saksdokumenter/']"
Vevelstad,"['http://www.vevelstad.kommune.no/', '<Response [200]>', 'https://einnsyn.evps.no/einnsyn-vev/dmb/Details/1']"
Vik,"['http://www.vik.kommune.no/', '<Response [200]>', 'http://www.vik.e-kommune.no/innsyn5_drum/wfinnsyn.ashx?response=moteplan&visalle=true']"
Vikna,"['http://www.vikna.kommune.no/', '<Response [200]>', 'http://innsyn.vikna.kommune.no/eInnsyn/dmb/Details/1']"
Vindafjord,"['http://www.vindafjord.kommune.no/', '<Response [200]>', 'https://innsyn.e-kommune.no/innsyn_vindafjord/wfinnsyn.ashx?response=moteplan&MId1=12194&']"
Vinje,"['http://www.vinje.kommune.no/', '<Response [200]>', 'http://94.139.92.229/eInnsyn_Vinje/dmb/Details/6']"
Volda,"['http://www.volda.kommune.no/', '<Response [200]>', 'https://innsyn.ssikt.no/volda/Dmb/Details/8']"
Voss,"['http://www.voss.kommune.no/', '<Response [200]>', 'http://opengov.cloudapp.net/Meetings/VOSS/Boards/Details/200986']"
Værøy,"['http://www.varoy.kommune.no/', '<Response [200]>', 'https://varoy.kommune.no/innsyn.aspx?response=moteplan_utvalg&utvalg=15']"
Vågan,"['http://www.vagan.kommune.no/', '<Response [200]>', 'https://vagan.kommune.no/politikk-og-organisasjon/innsyn/moter-og-sakspapirer/']"
Vågsøy,"['http://www.vagsoy.kommune.no/', '<Response [200]>', 'https://vagsoy.kommune.no/innsyn_pluss/wfinnsyn.ashx?response=moteplan&MId1=876&']"
Vågå,"['http://www.vaga.kommune.no/', '<Response [200]>', 'https://postliste.regiondata.no/Innsyn_Vaga/dmb#']"
Våler i Hedmark,"['http://www.vaaler-he.kommune.no/', '<Response [200]>', 'http://www.vaaler-he.kommune.no/innsyn/wfinnsyn.ashx?response=moteplan_utvalg&utvalg=5']"
Våler i Østfold,"['http://www.valer-of.kommune.no/', '<Response [200]>', 'http://innsyn.valer-of.kommune.no/motekalender']"
Øksnes,"['http://www.oksnes.kommune.no/', '<Response [200]>', 'http://innsyn.e-kommune.no/innsyn_oksnes/wfinnsyn.ashx?response=moteplan&']"
Ørland,"['http://www.orland.kommune.no/', '<Response [200]>', 'http://84.49.104.166/eInnsyn/Dmb/Details/12']"
Ørskog,"['http://www.orskog.kommune.no/', '<Response [200]>', 'https://www.orskog.kommune.no/politikk/moteplan-sakspapir/']"
Ørsta,"['http://www.orsta.kommune.no/', '<Response [200]>', 'https://innsyn.ssikt.no/orsta/dmb']"
Østre Toten,"['http://www.ostre-toten.kommune.no/', '<Response [200]>', 'https://www.ostre-toten.kommune.no/innsyn.aspx?response=moteplan_utvalg&utvalg=1']"
Øvre Eiker,"['http://www.ovre-eiker.kommune.no/', '<Response [200]>', 'http://innsyn.ovre-eiker.kommune.no/eInnsyn/dmb#']"
Øyer,"['http://www.oyer.kommune.no/', '<Response [200]>', 'http://www.oyer.kommune.no/moetekalender-og-politiske-dokumenter.449023.no.html']"
Øygarden,"['http://www.oygarden.kommune.no/', '<Response [200]>', 'https://innsyn.e-kommune.no/innsyn_oygarden_pluss/wfinnsyn.ashx?response=moteplan_utvalg&utvalg=1']"
Øystre Slidre,"['http://www.oystre-slidre.kommune.no/', '<Response [200]>', 'https://www.oystre-slidre.kommune.no/oystre-slidre/politikk-val/moteplan-og-sakspapir/']"
Åfjord,"['http://www.afjord.kommune.no/', '<Response [200]>', 'http://einnsyn.fosendrift.no/afjord/dmb/Details/3#']"
Ål,"['http://www.aal.kommune.no/', '<Response [200]>', 'https://prokomresources.prokomcdn.no/plugins/sru-v2/iframe-app/app.html?url=//sru-aal.azurewebsites.net&v=1.01#se:utvalg/utvalgid:209720']"
Ålesund,"['http://www.alesund.kommune.no/', '<Response [200]>', 'http://innsyn.alesund.kommune.no/wfinnsyn.ashx?response=moteplan_utvalg&utvalg=66&']"
Åmli,"['http://www.amli.kommune.no/', '<Response [200]>', 'http://159.171.0.170/einnsyn-AML/dmb/Details/7#']"
Åmot,"['http://www.amot.kommune.no/', '<Response [200]>', 'http://einnsyn.sate.no/Amot/dmb/Details/11#']"
Årdal,"['http://www.ardal.kommune.no/', '<Response [200]>', 'http://innsyn.e-kommune.no/innsyn_ardal/wfinnsyn.ashx?response=moteplan_utvalg&utvalg=27&']"
Ås,"['http://www.as.kommune.no/', '<Response [200]>', 'http://www.as.kommune.no/moeter-og-saksdokumenter.350480.no.html']"
Åseral,"['http://www.aseral.kommune.no/', '<Response [200]>', 'https://innsyn.ddv.no/einnsynASE/dmb/Details/1#']"
Åsnes,"['http://www.asnes.kommune.no/', '<Response [200]>', 'https://www.asnes.kommune.no/innsyn.aspx?response=moteplan_utvalg&utvalg=1&scripturi=/innsyn.aspx&skin=infolink&Mid1=24&']"
Færder,"['https://www.faerder.kommune.no', '<Response[200]>', 'http://innsyn.v-man.no/fer/wfinnsyn.ashx?response=moteplan_utvalg&utvalg=1&']"
