Kommune;Hjemmeside;responskode;Møtekalender;Kolonne1
Åfjord;http://www.afjord.kommune.no/; <Response 200>; http://einnsyn.fosendrift.no/afjord/dmb/Details/3#;
Agdenes;http://www.agdenes.kommune.no/; <Response 200>;http://www.agdenes.kommune.no/moeteplandokumenter.455670.no.html;
Ål;http://www.aal.kommune.no/; <Response 200>; https://prokomresources.prokomcdn.no/plugins/sru-v2/iframe-app/app.html?url=//sru-aal.azurewebsites.net&v=1.01#se:utvalg/utvalgid:209720;
Ålesund;http://www.alesund.kommune.no/; <Response 200>; http://innsyn.alesund.kommune.no/wfinnsyn.ashx?response=moteplan_utvalg&utvalg=66&;
Alstahaug;http://www.alstahaug.kommune.no/; <Response 200>; http://www.alstahaug.kommune.no/moetekalender.414993.no.html;
Alta;http://www.alta.kommune.no/; <Response 200>; http://www.alta.kommune.no/moetekalender-og-sakspapirer.157111.no.html;
Alvdal;http://www.alvdal.kommune.no/; <Response 200>;https://www.alvdal.kommune.no/politikk/moteplan/;
Åmli;http://www.amli.kommune.no/; <Response 200>; http://159.171.0.170/einnsyn-AML/dmb/Details/7#;
Åmot;http://www.amot.kommune.no/; <Response 200>; http://einnsyn.sate.no/Amot/dmb/Details/11#;
Andøy;http://www.andoy.net/; <Response 200>;http://www.andoy.kommune.no/politikk/motereferater-kommunestyret/motereferater-kommunestyret-2018/;
Årdal;http://www.ardal.kommune.no/; <Response 200>; http://innsyn.e-kommune.no/innsyn_ardal/wfinnsyn.ashx?response=moteplan_utvalg&utvalg=27&;
Aremark;http://www.aremark.kommune.no/; <Response 200>;https://www.aremark.kommune.no/kommunestyre.202470.nn.html;
Arendal;http://www.arendal.kommune.no/; <Response 200>;https://www.arendal.kommune.no/politikk-og-organisasjon/politikk/politisk-motekalender-saksdokumenter/;
Ås;http://www.as.kommune.no/; <Response 200>; http://www.as.kommune.no/moeter-og-saksdokumenter.350480.no.html;
Åseral;http://www.aseral.kommune.no/; <Response 200>; https://innsyn.ddv.no/einnsynASE/dmb/Details/1#;
Asker;http://www.asker.kommune.no/; <Response 200>;http://lokaldemokrati.asker.kommune.no/motekalender;
Askim;http://www.askim.kommune.no/; <Response 200>;https://innsyn.askim.kommune.no/wfinnsyn.ashx?response=moteplan_utvalg&fradato=2018-01-01T00:00:00&utvalg=1&;
Askøy;http://www.askoy.kommune.no/; <Response 200>;http://62.97.224.150/eInnsyn/dmb;
Askvoll;http://www.askvoll.kommune.no/; <Response 200>;https://innsyn.onacos.no/askvoll/wfinnsyn.ashx?response=moteplan&;
Åsnes;http://www.asnes.kommune.no/; <Response 200>; https://www.asnes.kommune.no/innsyn.aspx?response=moteplan_utvalg&utvalg=1&scripturi=/innsyn.aspx&skin=infolink&Mid1=24&;
Audnedal;http://www.audnedal.kommune.no/; <Response 200>;https://innsyn.ddv.no/einnsynAUD/dmb;
Aukra;http://www.aukra.kommune.no/; <Response 200>;http://www.aukra.kommune.no/moeteplansaksdokument.317348.nn.html;
Aure;http://www.aure.kommune.no/; <Response 200>;https://innsyn.aure.kommune.no/dmb;
Aurland;http://www.aurland.kommune.no/; <Response 200>; http://innsyn.e-kommune.no/innsyn_aurland/wfinnsyn.ashx?response=moteplan_utvalg&utvalg=1&;
Aurskog-Høland;http://www.aurskog-holand.kommune.no/; <Response 200>;http://opengov.cloudapp.net/Meetings/ahk/Boards/Details/200585;
Austevoll;http://www.austevoll.kommune.no/; <Response 200>; https://www.austevoll.kommune.no/innsyn.aspx?response=moteplan_utvalg&utvalg=1&scripturi=/innsyn.aspx&skin=infolink&Mid1=220&;
Austrheim;http://www.austrheim.kommune.no/; <Response 200>;http://www.austrheim.kommune.no/moeteinnkalling-og-protokollar-2018.454627.nn.html;
Averøy;http://www.averoy.kommune.no/; <Response 200>; http://innsyn.averoy.kommune.no/dmb/Details/1#;
Bærum;http://www.baerum.kommune.no/; <Response 200>; https://www.baerum.kommune.no/innsyn/politikk/wfinnsyn.ashx?response=moteplan_utvalg&utvalg=1&;
Balestrand;http://www.balestrand.kommune.no/; <Response 200>;https://www.balestrand.kommune.no/moetekalender-og-sakspapir.331253.nn.html;
Ballangen;http://www.ballangen.kommune.no/; <Response 200>;http://www.ballangen.kommune.no/moetekalender.411903.no.html;
Balsfjord;http://www.balsfjord.kommune.no/; <Response 200>;http://dmz.balsfjord.kommune.no/eInnsyn/Dmb;
Bamble;http://www.bamble.kommune.no/; <Response 200>;http://opengov.cloudapp.net/Meetings/bamble/Boards/Details/202199;
Bardu;http://www.bardu.kommune.no/; <Response 200>; https://aspephpub.public.cloudservices.no/Bardu/dmb/Details/12#;
Båtsfjord;http://www.batsfjord.kommune.no/; <Response 200>; http://innsyn.batsfjord.kommune.no/motekalender;
Beiarn;http://www.beiarn.kommune.no/; <Response 200>;http://www.beiarn.kommune.no/moeteplan-2018.453084.no.html;
Berg;http://www.berg.kommune.no/; <Response 200>;http://www.berg.kommune.no/moetekalender-2018.452783.no.html;
Bergen;http://www.bergen.kommune.no/; <Response 200>;https://www.bergen.kommune.no/politikk/styresett/#/utvalg/900073/kalender;
Berlevåg;http://www.berlevag.kommune.no/; <Response 200>;http://www.berlevag.kommune.no/index.php?cat=150399;
Bindal;http://www.bindal.kommune.no/; <Response 200>;https://einnsyn.evps.no/einnsyn-bin/dmb/Details/2#;
Birkenes;http://www.birkenes.kommune.no/; <Response 200>;http://innsyn.birkenes.kommune.no/wfinnsyn.ashx?response=moteplan_utvalg&fradato=2018-01-01T00:00:00&utvalg=1&;
Bjerkreim;http://www.bjerkreim.kommune.no/; <Response 200>; http://innsyn.e-kommune.no/innsyn_bjerkreim/wfinnsyn.ashx?response=moteplan_utvalg&utvalg=5&;
Bjugn;http://www.bjugn.kommune.no/; <Response 200>; https://www.bjugn.kommune.no/innsyn/;
Bø i Telemark;http://www.bokommune.no/; <Response 200>; http://innsyn.e-kommune.no/innsyn_bo/wfinnsyn.ashx?response=moteplan_utvalg&utvalg=1&Mid1=2055&;
Bø i Vesterålen;http://www.boe.kommune.no/; <Response 200>;https://www.boe.kommune.no/protokoller.304482.no.html;
Bodø;http://www.bodo.kommune.no/; <Response 200>;https://politikk.bodo.kommune.no/moteplaner/category8345.html;
Bokn;http://www.bokn.kommune.no/; <Response 200>; https://www.bokn.kommune.no/innsyn.aspx?response=moteplan_utvalg&utvalg=1&scripturi=/innsyn.aspx&skin=infolink&Mid1=260&;
Bømlo;http://www.bomlo.kommune.no/; <Response 200>;http://82.134.72.200/einnsynBK/Dmb/Details/10#;
Bremanger;http://www.bremanger.kommune.no/; <Response 200>; https://bremanger.kommune.no/innsyn_pluss/wfinnsyn.ashx?response=moteplan_utvalg&utvalg=5&;
Brønnøy;http://www.bronnoy.kommune.no/; <Response 200>; https://einnsyn.evps.no/einnsyn-bro/dmb/Details/2#;
Bygland;http://www.bygland.kommune.no/; <Response 200>; http://159.171.48.136/eInnsynBygland/dmb/Details/2#;
Bykle;http://www.bykle.kommune.no/; <Response 200>;http://159.171.48.136/eInnsynBykle/dmb/Details/2#;
Dønna;http://www.donna.kommune.no/; <Response 200>;http://www.donna.kommune.no/moetekalender.242874.no.html;
Dovre;http://www.dovre.kommune.no/; <Response 200>;https://postliste.regiondata.no/Innsyn_Dovre/Dmb/Details/7#;
Drammen;http://www.drammen.kommune.no/; <Response 200>;https://innsyn.drammen.kommune.no/motekalender;
Drangedal;https://www.drangedal.kommune.no/; <Response 403>;http://opengov.cloudapp.net/meetings/drangedal;
Dyrøy;http://www.dyroy.kommune.no/; <Response 200>;https://www.dyroy.kommune.no/index.php?id=6069335;
Eid;http://www.eid.kommune.no/; <Response 200>; https://eid.kommune.no/innsyn_pluss/wfinnsyn.ashx?response=moteplan_utvalg&utvalg=7&;
Eide;http://www.eide.kommune.no/; <Response 200>; http://innsyn.eide.kommune.no/dmb/Details/3#;
Eidfjord;http://www.eidfjord.kommune.no/; <Response 200>;https://www.eidfjord.kommune.no/politikk/politiske-moter/moteplan/;
Eidsberg;http://www.eidsberg.kommune.no/; <Response 200>;https://innsyn.eidsberg.kommune.no/wfinnsyn.ashx?response=moteplan&;
Eidskog;http://www.eidskog.kommune.no/; <Response 200>;https://www.eidskog.kommune.no/om-oss/moteplan/;
Eidsvoll;http://www.eidsvoll.kommune.no/; <Response 200>;https://www.eidsvoll.kommune.no/motekalender/;
Eigersund;http://www.eigersund.kommune.no/; <Response 200>; http://innsyn.e-kommune.no/innsyn_eigersund_politisk/wfinnsyn.ashx?response=moteplan_utvalg&utvalg=1&;
Elverum;http://www.elverum.kommune.no/; <Response 200>;https://innsyn.onacos.no/elverum/wfinnsyn.ashx?response=moteplan&;
Enebakk;http://www.enebakk.kommune.no/; <Response 200>;http://innsyn.enebakk.kommune.no/eInnsynENE/dmb;
Engerdal;http://www.engerdal.kommune.no/; <Response 200>;http://einnsyn.sate.no/engerdal/dmb;
Etne;http://www.etne.kommune.no/; <Response 200>;http://innsyn.e-kommune.no/innsyn_etne/wfinnsyn.ashx?response=moteplan_utvalg&fradato=2018-10-07T13:54:25.6742548&utvalg=1&;
Etnedal;http://www.etnedal.kommune.no/; <Response 200>;https://www.etnedal.kommune.no/undermeny/politikk/moteplan-for-kommunestyre-formannskap-m-fl/;
Evenes;http://www.evenes.kommune.no/; <Response 200>;http://195.18.207.195/eInnsyneve/utvalg/Details/2;
Evje og Hornnes;http://www.e-h.kommune.no/; <Response 200>;http://159.171.48.136/eInnsynEvje/Dmb/Details/2;
Færder;https://www.faerder.kommune.no; <Response200>; http://innsyn.v-man.no/fer/wfinnsyn.ashx?response=moteplan_utvalg&utvalg=1&;
Farsund;http://www.farsund.kommune.no/; <Response 200>;https://innsyn.ddv.no/einnsynFAR/dmb/Details/12;
Fauske;http://www.fauske.kommune.no/; <Response 200>;http://www.fauske.kommune.no/moeteinnkalling-og-sakskart.273590.no.html;
Fedje;http://www.fedje.kommune.no/; <Response 200>;https://innsyn.sing.no/Fedje/innsyn/wfinnsyn.ashx?response=moteplan&;
Fet;http://www.fet.kommune.no/; <Response 200>;http://innsyn.fet.kommune.no/eInnsynFET/Dmb#;
Finnøy;http://www.finnoy.kommune.no/; <Response 200>; http://www.finnoy.kommune.no/innsyn.aspx?response=moteplan_utvalg&utvalg=14&scripturi=/innsyn.aspx&skin=infolink&Mid1=839&;
Fitjar;http://www.fitjar.kommune.no/; <Response 200>;http://82.134.72.200/einnsynFK/Dmb/Details/10#;
Fjaler;http://www.fjaler.kommune.no/; <Response 404>;https://innsyn.onacos.no/fjaler/wfinnsyn.ashx?response=moteplan&;
Fjell;http://www.fjell.kommune.no/; <Response 200>;http://sak.fjell.kommune.no/einnsyn/Dmb/Details/8;
Flå;http://www.flaa.kommune.no/; <Response 200>;https://www.flaa.kommune.no/politikk-og-innsyn/motekalender-og-sakspapirer/#se:utvalg/utvalgid:202959;
Flakstad;http://www.flakstad.kommune.no/; <Response 200>;https://flakstad.kommune.no/innsyn.aspx?response=moteplan_utvalg&fradato=2018-01-01T00:00:00&utvalg=9&scripturi=/innsyn.aspx&skin=infolink&Mid1=266&;
Flatanger;http://www.flatanger.kommune.no/; <Response 200>;http://innsyn.mnsk.no/eInnsyn/dmb;
Flekkefjord;http://www.flekkefjord.kommune.no/; <Response 200>;https://innsyn-flekkefjord.ddv.no/wfinnsyn.ashx?response=moteplan_utvalg&fradato=2018-01-01T00:00:00&utvalg=1&;
Flesberg;http://www.flesberg.kommune.no/; <Response 200>;http://www.flesberg.kommune.no/politikk/moteboker?aar=2018&utvalg=kst;
Flora;http://www.flora.kommune.no/; <Response 200>;https://innsyn.onacos.no/flora/wfinnsyn.ashx?response=moteplan_utvalg&fradato=2018-01-01T00:00:00&utvalg=5&;
Folldal;http://www.folldal.kommune.no/; <Response 200>;https://www.folldal.kommune.no/innsyn.aspx?response=moteplan_utvalg&fradato=2018-01-01T00:00:00&utvalg=217&scripturi=/innsyn.aspx&skin=infolink&Mid1=194&;
Førde;http://www.forde.kommune.no/; <Response 200>;https://www.forde.kommune.no/innsyn.aspx?response=moteplan_utvalg&fradato=2018-01-01T00:00:00&utvalg=6&scripturi=/innsyn.aspx&skin=infolink&Mid1=11426&;
Forsand;http://www.forsand.kommune.no/; <Response 200>;http://www.forsand.kommune.no/politiske-moeter-med-saksdokument.172904.nn.html;
Fræna;http://www.frana.kommune.no/; <Response 200>;https://innsyn.frana.kommune.no/dmb/Details/1;
Fredrikstad;http://www.fredrikstad.kommune.no/; <Response 200>;http://sru.fredrikstad.kommune.no/app#se:utvalg/utvalgid:164;
Frogn;http://www.frogn.kommune.no/; <Response 200>;https://www.frogn.kommune.no/enheter/personal-organisasjon-og-politikk/styre-rad-og-utvalg/#se:utvalg/utvalgid:204110;
Froland;http://www.froland.kommune.no/; <Response 200>;https://www.froland.kommune.no/politikk-og-administrasjon/politikk/politisk-motekalender/#se:utvalg/utvalgid:200479;
Frosta;http://www.frosta.kommune.no/; <Response 200>;http://einnsyn.frosta.kommune.no/einnsyn/utvalg/Details/1;
Frøya;http://www.froya.kommune.no/; <Response 200>;https://www.froya.kommune.no/tjenester/politikk/politiske-utvalg/kommunestyret/moteprotokoller/;
Fusa;http://www.fusa.kommune.no/; <Response 200>;https://www.fusa.kommune.no/innsyn.aspx?response=moteplan_utvalg&fradato=2018-01-01T00:00:00&utvalg=5&scripturi=/innsyn.aspx&skin=infolink&Mid1=559&pf=politisk;
Fyresdal;http://www.fyresdal.kommune.no/; <Response 200>; http://innsyn.fyresdal.kommune.no/innsynFyresdal/dmb/Details/32#;
Gamvik;http://www.gamvik.kommune.no/; <Response 200>;https://www.gamvik.kommune.no/motekalender/#se:utvalg/utvalgid:199;
Gaular;http://www.gaular.kommune.no/; <Response 200>;https://www.gaular.kommune.no/innsyn.aspx?response=moteplan_utvalg&fradato=2018-01-01T00:00:00&utvalg=1&scripturi=/innsyn.aspx&skin=infolink&Mid1=10208&;
Gausdal;http://www.gausdal.kommune.no/; <Response 200>;https://www.gausdal.kommune.no/moetekalender-og-saksdokumenter.423053.no.html;
Gildeskål;https://gildeskal.kommune.no/; <Response 200>;http://innsyn.gildeskal.kommune.no/eInnsyn/dmb/Details/2;
Giske;http://www.giske.kommune.no/; <Response 200>; https://www.giske.kommune.no/innsyn.aspx?response=moteplan_utvalg&utvalg=1&scripturi=/innsyn.aspx&skin=infolink&Mid1=1024&;
Gjemnes;http://www.gjemnes.kommune.no/; <Response 200>; http://innsyn.gjemnes.kommune.no/dmb/Details/2;
Gjerdrum;http://www.gjerdrum.kommune.no/; <Response 200>;https://www.gjerdrum.kommune.no/sru/#se:utvalg/utvalgid:2;
Gjerstad;http://www.gjerstad.kommune.no/; <Response 200>;http://159.171.0.170/einnsyn-GJE/dmb/Details/10;
Gjesdal;http://www.gjesdal.kommune.no/; <Response 200>;https://www.gjesdal.kommune.no/innsyn.aspx?response=moteplan_utvalg&fradato=2018-01-01T00:00:00&utvalg=5&scripturi=/innsyn.aspx&skin=infolink&Mid1=2758&;
Gjøvik;http://www.gjovik.kommune.no/; <Response 200>;https://innsyn.gjovik.kommune.no/wfinnsyn.ashx?response=moteplan_utvalg&fradato=2018-01-01T00:00:00&utvalg=5&;
Gloppen;http://www.gloppen.kommune.no/; <Response 200>;https://gloppen.kommune.no/innsyn.aspx?response=moteplan_utvalg&fradato=2018-01-01T00:00:00&utvalg=1&scripturi=/innsyn.aspx&skin=infolink&Mid1=150788&;
Gol;http://www.gol.kommune.no/; <Response 200>;https://www.gol.kommune.no/politikk-og-innsyn/sru/#se:utvalg/utvalgid:209848;
Gran;http://www.gran.kommune.no/; <Response 200>;https://www.gran.kommune.no/moetekalender.465896.no.html;
Grane;http://www.grane.kommune.no/; <Response 200>;http://www.grane.kommune.no/saksdokumenter-2018.6070942-155010.html;
Granvin Herad;http://www.granvin.kommune.no/; <Response 200>; http://www.granvin.kommune.no/innsyn.aspx?response=moteplan_utvalg&utvalg=10&scripturi=/innsyn.aspx&skin=infolink&Mid1=86&;
Gratangen;http://www.gratangen.kommune.no/; <Response 200>;http://opengov.cloudapp.net/Meetings/gratangen/Meetings/Details/208326;
Grimstad;http://www.grimstad.kommune.no/; <Response 200>;https://www.grimstad.kommune.no/politikk-og-organisasjon/politikk/politisk-motekalender-og-saksdokumenter/#se:utvalg/utvalgid:200219;
Grong;http://www.grong.kommune.no/; <Response 200>; http://innsyn.grong.kommune.no/motekalender;
Grue;http://www.grue.kommune.no/; <Response 200>;https://grue.kommune.no/postlister/3176-moteplan;
Gulen;http://gulen.kommune.no/; <Response 200>;https://innsyn.onacos.no/gulen/wfinnsyn.ashx?response=moteplan_utvalg&fradato=2018-01-01T00:00:00&utvalg=5&;
Hå;http://www.ha.kommune.no/; <Response 200>;https://www.ha.no/innsyn.aspx?response=moteplan_utvalg&fradato=2018-01-01T00:00:00&utvalg=1&scripturi=/innsyn.aspx&Mid1=60&;
Hadsel;http://www.hadsel.kommune.no/; <Response 200>;http://opengov.cloudapp.net/Meetings/hadsel_kommune/Boards/Details/200092;
Hægebostad;http://www.haegebostad.kommune.no/; <Response 200>;https://innsyn.ddv.no/einnsynHAE/dmb/Details/2#;
Halden;http://www.halden.kommune.no/; <Response 200>;https://postjournal.halden.kommune.no/eInnsyn/Dmb/Details/4;
Halsa;http://www.halsa.kommune.no/; <Response 200>;https://innsyn.halsa.kommune.no/Dmb/Details/1;
Hamar;http://www.hamar.kommune.no/; <Response 200>;http://innsyn.hamar.kommune.no/motekalender;
Hamarøy;http://www.hamaroy.kommune.no/; <Response 200>;http://www.hamaroy.kommune.no/moetekalender.412634.no.html;
Hammerfest;http://www.hammerfest.kommune.no/; <Response 200>;http://www.hammerfest.kommune.no/innkallingprotokoll.154736.no.html;
Haram;http://www.haram.kommune.no/; <Response 200>;https://www.haram.kommune.no/innsyn.aspx?response=moteplan_utvalg&fradato=2018-01-01T00:00:00&utvalg=1&scripturi=/innsyn.aspx&skin=infolink&Mid1=14746&;
Hareid;http://www.hareid.kommune.no/; <Response 200>; https://innsyn.ssikt.no/hareid/Dmb/Details/1#;
Harstad;http://www.harstad.kommune.no/; <Response 200>;http://einnsyn.harstad.kommune.no/eInnsyn/Dmb/Details/1;
Hasvik;http://www.hasvik.kommune.no/; <Response 200>;https://www.hasvik.kommune.no/2018.455660.no.html;
Hattfjelldal;http://www.hattfjelldal.kommune.no/; <Response 200>;https://innsyn.hattfjelldal.kommune.no/wfinnsyn.ashx?response=moteplan_utvalg&fradato=2018-01-01T00:00:00&utvalg=1&;
Haugesund;http://www.haugesund.kommune.no/; <Response 200>;http://82.134.72.197/eInnsynHK511/dmb/Details/2;
Hemne;http://www.hemne.kommune.no/; <Response 200>;https://www.hemne.kommune.no/35830/0/35180-473.html;
Hemnes;http://www.hemnes.kommune.no/; <Response 200>;https://www.hemnes.kommune.no/politisk-moeteplan-2018.422762.no.html;
Hemsedal;http://www.hemsedal.kommune.no/; <Response 200>;https://www.hemsedal.kommune.no/politikk-og-innsyn/sru/#se:utvalg/utvalgid:205808;
Herøy i Møre;http://www.heroy.kommune.no/; <Response 200>; https://innsyn.ssikt.no/heroy/dmb/Details/3#;
Herøy i Nordland;http://www.heroy-no.kommune.no/; <Response 200>; http://www.heroy-no.kommune.no/moetekalender.406243.no.html;
Hitra;http://www.hitra.kommune.no/; <Response 200>;http://skole.www.hitra.no/eInnsynA/dmb/Details/41;
Hjartdal;http://www.hjartdal.kommune.no/; <Response 200>;http://93.187.86.54/eInnsyn_Hjartdal/dmb/Details/2;
Hjelmeland;http://www.hjelmeland.kommune.no/; <Response 200>;https://innsyn.e-kommune.no/innsyn_hjelmeland/wfinnsyn.ashx?response=moteplan_utvalg&fradato=2018-01-01T00:00:00&utvalg=1&Mid1=1679&;
Hobøl;http://www.hobol.kommune.no/; <Response 200>;https://innsyn.hobol.kommune.no/wfinnsyn.ashx?response=moteplan_utvalg&fradato=2018-01-01T00:00:00&utvalg=33&;
Hof;http://www.hof.kommune.no/; <Response 200>; http://www.holmestrand.kommune.no/innsyn/;
Hol;http://www.hol.kommune.no/; <Response 200>;https://www.hol.kommune.no/politikk-og-innsyn/sru/#se:utvalg/utvalgid:212474;
Hole;http://www.hole.kommune.no/; <Response 200>;http://www.hole.kommune.no/moeteplan-og-saksdokumenter.359455.no.html;
Holmestrand;http://www.holmestrand.kommune.no/; <Response 200>; http://www.holmestrand.kommune.no/innsyn/wfinnsyn.ashx?response=moteplan_utvalg&utvalg=1&;
Holtålen;http://www.holtalen.kommune.no/; <Response 403>;https://holtalen.kommune.no/politikk/politisk-motekalender/;
Hornindal;http://www.hornindal.kommune.no/; <Response 200>;https://hornindal.kommune.no/innsyn_pluss/wfinnsyn.ashx?response=moteplan_utvalg&fradato=2018-01-01T00:00:00&utvalg=2&;
Horten;http://www.horten.kommune.no/; <Response 200>; https://www.horten.kommune.no/innsyn.aspx?response=moteplan_utvalg&utvalg=13&scripturi=/innsyn.aspx&skin=infolink&Mid1=14134&;
Høyanger;http://www.hoyanger.kommune.no/; <Response 200>;https://www.hoyanger.kommune.no/innsyn.aspx?response=moteplan_utvalg&fradato=2018-01-01T00:00:00&utvalg=1&scripturi=/innsyn.aspx&skin=infolink&Mid1=10331&;
Høylandet;http://www.hoylandet.kommune.no/; <Response 200>; http://innsyn.hoylandet.kommune.no/motekalender;
Hurdal;http://www.hurdal.kommune.no/; <Response 200>;https://www.hurdal.kommune.no/sru/#se:utvalg/utvalgid:2;
Hurum;http://www.hurum.kommune.no/; <Response 200>;http://195.18.204.138/eInnsyn/utvalg/Details/13#;
Hvaler;http://www.hvaler.kommune.no/; <Response 200>;http://www.hvaler.kommune.no/innhold/politikk-og-innsyn/motekalender/#se:utvalg/utvalgid:12;
Hyllestad;https://www.hyllestad.kommune.no/; <Response 200>;https://innsyn.onacos.no/hyllestad/wfinnsyn.ashx?response=moteplan_utvalg&fradato=2018-01-01T00:00:00&utvalg=1&;
Ibestad;http://www.ibestad.kommune.no/; <Response 200>;http://www.ibestad.kommune.no/moetedokumenter.146792.no.html;
Inderøy;http://www.inderoy.kommune.no/; <Response 200>; http://217.168.95.230/eInnsyn-ind/dmb/Details/1#;
Iveland;http://www.iveland.kommune.no/; <Response 200>; http://159.171.48.136/eInnsynIveland/dmb/Details/1;
Jevnaker;http://www.jevnaker.kommune.no/; <Response 200>;https://politiker.jevnaker.kommune.no/motekalender;
Jølster;http://www.jolster.kommune.no/; <Response 200>;https://www.jolster.kommune.no/innsyn.aspx?response=moteplan_utvalg&fradato=2018-01-01T00:00:00&utvalg=5&scripturi=/innsyn.aspx&skin=infolink&Mid1=10297&;
Jondal;http://www.jondal.kommune.no/; <Response 200>;https://www.jondal.kommune.no/innsyn.aspx?response=moteplan_utvalg&fradato=2018-01-01T00:00:00&utvalg=22&scripturi=/innsyn.aspx&skin=infolink&Mid1=10046&;
Kåfjord;http://www.kafjord.kommune.no/; <Response 200>;http://www.kafjord.kommune.no/kommunestyret.433800.no.html;
Karasjok;http://www.karasjok.kommune.no/; <Response 200>; http://postlister.avjovarre.no/Innsyn_Karasjok/Dmb/Details/4#;
Karlsøy;http://www.karlsoy.kommune.no/; <Response 200>;https://aspephpub.public.cloudservices.no/Karlsoy/dmb;
Karmøy;http://www.karmoy.kommune.no/; <Response 200>;https://www.karmoy.kommune.no/no/tema/individ-og-samfunn/politikk-og-valg/sakspapirer/sakspapirer-og-moteplan/800/@@view?year=2018;
Kautokeino;http://www.kautokeino.kommune.no/; <Response 200>;http://postlister.avjovarre.no/Innsyn_Kautokeino/Dmb/Details/1#;
Klæbu;http://www.klabu.kommune.no/; <Response 200>;https://www.klabu.kommune.no/innhold/politikk/saksdokument/kommunestyret/;
Klepp;http://www.klepp.kommune.no/; <Response 200>;https://www.klepp.kommune.no/sru/#se:utvalg/utvalgid:328;
Kongsberg;http://www.kongsberg.kommune.no/; <Response 200>; https://prokomresources.prokomcdn.no/plugins/sru-v2/iframe-app/app.html?url=//sru2.kongsberg.kommune.no/#se:utvalg/utvalgid:337;
Kongsvinger;http://www.kongsvinger.kommune.no/; <Response 200>;https://websak.sorhedmark.no/innsyn_mote/wfinnsyn.ashx?response=moteplan_utvalg&fradato=2018-01-01T00:00:00&utvalg=1&;
Kragerø;http://www.kragero.kommune.no/; <Response 200>;http://opengov.cloudapp.net/Meetings/kragero/Boards/Details/202987;
Kristiansand;http://www.kristiansand.kommune.no/; <Response 200>;http://opengov.cloudapp.net/Meetings/krs/Boards/Details/15009118;
Kristiansund;http://www.kristiansund.kommune.no/; <Response 200>; http://innsyn.kristiansund.kommune.no/Dmb/Details/3#;
Krødsherad;http://www.krodsherad.kommune.no/; <Response 200>;https://www.krodsherad.kommune.no/innsyn.aspx?response=moteplan_utvalg&fradato=2018-01-01T00:00:00&utvalg=191&scripturi=/innsyn.aspx&skin=infolink&Mid1=224&;
Kvæfjord;http://www.kvafjord.kommune.no/; <Response 200>; http://innsyn.kvafjord.kommune.no/eInnsyn/utvalg/Details/1#;
Kvænangen;http://www.kvanangen.kommune.no/; <Response 200>;https://kvanangen.custompublish.com/kommunestyrets-moeter.4651389-146819.html;
Kvalsund;http://www.kvalsund.kommune.no/; <Response 200>;http://www.kvalsund.kommune.no/kommunestyret.386806.no.html;
Kvam herad;http://www.kvam.kommune.no/; <Response 200>; https://www.kvam.no/innsyn.aspx?response=moteplan_utvalg&utvalg=11&scripturi=/innsyn.aspx&skin=infolink&Mid1=214&;
Kvinesdal;http://www.kvinesdal.kommune.no/; <Response 200>;https://innsyn.ddv.no/einnsynKVI/dmb/Details/2;
Kvinnherad;http://www.kvinnherad.kommune.no/; <Response 200>;http://innsyn.kvinnherad.kommune.no/eInnsyn/dmb/Details/1;
Kviteseid;http://www.kviteseid.kommune.no/; <Response 200>; http://www.kviteseid.kommune.no/politikk/sakskart-og-moeteboeker/kommunestyret#;
Kvitsøy;http://www.kvitsoy.kommune.no/; <Response 200>;http://www.kvitsoy.kommune.no/eDemokrati/motekalender/#se:utvalg/utvalgid:102;
Lærdal;http://www.laerdal.kommune.no/; <Response 200>;http://innsyn.e-kommune.no/innsyn_laerdal/wfinnsyn.ashx?response=moteplan_utvalg&fradato=2018-01-01T00:00:00&utvalg=1&;
Larvik;http://www.larvik.kommune.no/; <Response 200>;https://innsyn.onacos.no/larvik/mote/prod/wfinnsyn.ashx?response=moteplan_utvalg&fradato=2018-01-01T00:00:00&utvalg=1&;
Lavangen;http://www.lavangen.kommune.no/; <Response 200>;http://www.lavangen.kommune.no/moetekalender.440011.no.html;
Lebesby;http://www.lebesby.kommune.no/; <Response 200>; http://www.lebesby.kommune.no/moetekalender.372722.no.html;
Leikanger;http://www.leikanger.kommune.no/; <Response 200>;http://www.leikanger.kommune.no/moetekalender-og-sakspapir.391392.nn.html;
Leirfjord;http://www.leirfjord.kommune.no/; <Response 200>;https://www.leirfjord.kommune.no/moetekalendersakspapirer.228092.no.html;
Leka;http://www.leka.kommune.no/; <Response 200>;http://www.leka.kommune.no/index.php?articleid=917;
Lenvik;http://www.lenvik.kommune.no/; <Response 200>;http://webway.lenvik.kommune.no/motekalender;
Lesja;http://www.lesja.kommune.no/; <Response 200>;https://postliste.regiondata.no/Innsyn_Lesja/dmb/Details/4;
Levanger;http://www.levanger.kommune.no/; <Response 200>;http://www.levanger.kommune.no/Politikk/;
Lier;http://www.lier.kommune.no/; <Response 200>;http://einnsyn.lier.kommune.no/eInnsyn/dmb;
Lierne;http://www.lierne.kommune.no/; <Response 200>;http://innsyn.lierne.kommune.no/motekalender;
Lillehammer;http://www.lillehammer.kommune.no/; <Response 200>;https://www.lillehammer.kommune.no/politiske-moeter.395684.no.html;
Lillesand;http://www.lillesand.kommune.no/; <Response 200>; http://innsyn.lillesand.kommune.no/innsyn6/wfinnsyn.ashx?response=moteplan_utvalg&utvalg=27&;
Lindås;http://www.lindas.kommune.no/; <Response 200>;https://innsyn.sing.no/Lindas/innsyn/wfinnsyn.ashx?response=moteplan&;
Lindesnes;http://www.lindesnes.kommune.no/; <Response 200>;https://innsyn.ddv.no/einnsynLIN/dmb;
Lødingen;http://www.lodingen.kommune.no/; <Response 200>;https://www.lodingen.kommune.no/tjenester/politikk-og-organisasjon/politikk/moteplan/;
Lom;http://lom.kommune.no/; <Response 200>;https://postliste.regiondata.no/Innsyn_Lom/dmb;
Longyearbyen;http://www.lokalstyre.no/; <Response 200>;https://innsyn.lokalstyre.no/Innsyn/dmb;
Loppa;http://www.loppa.kommune.no/; <Response 200>;http://www.loppa.kommune.no/moeteplan.381492.no.html;
Lørenskog;http://www.lorenskog.kommune.no/; <Response 200>;https://www.lorenskog.kommune.no/politikk/moteplan/;
Løten;http://www.loten.kommune.no/; <Response 200>;http://innsyn.loten.kommune.no/motekalender;
Lund;http://www.lund.kommune.no/; <Response 200>;http://www.lund.kommune.no/politikk.181002.no.html;
Lunner;http://www.lunner.kommune.no/; <Response 200>; https://www.lunner.kommune.no/sakspapirer.299785.no.html;
Lurøy;http://www.luroy.kommune.no/; <Response 200>;http://lu-jupiter.no/motekalender;
Luster;http://www.luster.kommune.no/; <Response 200>;http://www.luster.kommune.no/moetekalender-og-sakspapir.391486.nn.html;
Lyngdal;http://www.lyngdal.kommune.no/; <Response 200>; https://prokomresources.prokomcdn.no/plugins/sru-v2/iframe-app/app.html?url=https://sru.lyngdal.kommune.no/sru2&v=1.01&js=//www.lyngdal.kommune.no/globalassets/systembokser/js/srudocreader.js#se:utvalg/utvalgid:8;
Lyngen;http://www.lyngen.kommune.no/; <Response 200>;https://www.lyngen.kommune.no/sakspapirer.5771.no.html;
Målselv;https://www.malselv.kommune.no/; <Response 200>;http://malselv.custompublish.com/moetekalender-og-saksdokumenter.289488.no.html;
Malvik;http://www.malvik.kommune.no/; <Response 200>;http://www.malvik.kommune.no/moeter-saksdokumenter-og-innsynsloesninger.365404.no.html;
Mandal;http://www.mandal.kommune.no/; <Response 200>;http://www.mandal.kommune.no/tjenester/kalender#year=2018&month=11&day=14&view=month;
Marker;http://www.marker.kommune.no/; <Response 200>; http://innsyn.e-kommune.no/innsyn_marker/wfinnsyn.ashx?response=moteplan_utvalg&utvalg=1&;
Marnardal;http://www.marnardal.kommune.no/; <Response 200>;http://www.marnardal.kommune.no/services-marnardal/hva-skjer-kalender#year=2018&month=11&day=14&view=month;
Masfjorden;http://www.masfjorden.kommune.no/; <Response 200>;https://innsyn.sing.no/Masfjorden/innsyn/wfinnsyn.ashx?response=moteplan&;
Måsøy;http://www.masoy.kommune.no/; <Response 200>;http://www.masoy.kommune.no/sakspapirer-og-protokoller.15407.no.html;
Meland;http://www.meland.kommune.no/; <Response 200>;http://www.meland.kommune.no/moeteplan.313501.nn.html;
Meldal;http://www.meldal.kommune.no/; <Response 200>;https://www.meldal.kommune.no/aktivitetskalender.397699.no.html;
Melhus;http://www.melhus.kommune.no/; <Response 200>;https://www.melhus.kommune.no/moetekalender-og-sakspapirer.354784.no.html;
Meløy;http://www.meloy.kommune.no/; ;https://www.meloy.kommune.no/motekalender/;
Meråker;http://www.meraker.kommune.no/; <Response 200>; http://einnsyn.meraker.kommune.no/einnsyn/utvalg/Details/2#;
Midsund;http://www.midsund.kommune.no/; <Response 200>;http://www.midsund.kommune.no/sakslister-og-moeteprotokollar.22717.no.html;
Midtre Gauldal;http://www.midtre-gauldal.kommune.no/; <Response 200>;https://einnsyn.mgk.no/Innsyn/dmb;
Modalen;http://www.modalen.kommune.no/; <Response 200>;http://www.modalen.kommune.no/innhald/politikk/formannskapet---kommunestyret---styre-rad-og-utval/;
Modum;http://www.modum.kommune.no/; <Response 200>;https://www.modum.kommune.no/moetekalender-saksdokumenter.112614.no.html;
Molde;http://www.molde.kommune.no/; <Response 200>;http://www.molde.kommune.no/moetekalender-og-saksdokumenter.285683.no.html;
Moskenes;http://www.moskenes.kommune.no/; <Response 200>;https://moskenes.kommune.no/politikk/moter-og-sakspapirer/;
Moss;http://www.moss.kommune.no/; <Response 200>;https://www.moss.kommune.no/politikk/politiske-moter-saker/;
Nærøy;http://www.naroy.kommune.no/; <Response 200>;http://www.naroy.kommune.no/naroy-kommune/tjenester/politikk/moteplan/;
Namdalseid;http://www.namdalseid.kommune.no/; <Response 200>;https://www.namdalseid.kommune.no/getfile.php/3709831.1203.fwccybsrba/MoteplanPol.pdf;
Namsos;http://www.namsos.kommune.no/; <Response 200>;http://www.namsos.kommune.no/moeteplan.403752.no.html;
Namsskogan;http://www.namsskogan.kommune.no/; <Response 200>;https://www.namsskogan.kommune.no/kommunestyret-pa-nett/kommunestyret-pa-nett/;
Nannestad;http://www.nannestad.kommune.no/; <Response 200>;https://www.nannestad.kommune.no/sru/;
Narvik;http://www.narvik.kommune.no/; <Response 200>;https://www.narvik.kommune.no/politikk/moteplan-og-sakslister/moteplan-og-sakslister/;
Naustdal;http://www.naustdal.kommune.no/; <Response 200>; https://www.naustdal.kommune.no/innsyn.aspx?response=moteplan_utvalg&utvalg=5&scripturi=/innsyn.aspx&skin=infolink&Mid1=10244&;
Nedre Eiker;http://www.nedre-eiker.kommune.no/; <Response 200>;https://innsyn.nedre-eiker.kommune.no/motekalender;
Nes i Akershus;http://www.nes-ak.kommune.no/; <Response 200>;https://www.nes-ak.kommune.no/publisert-innhold/politikk-og-organisasjon/styre-rad-og-utvalg/;
Nes i Buskerud;http://www.nes-bu.kommune.no/; <Response 200>;https://www.nes-bu.kommune.no/politikk-og-innsyn/sakslister-og-moteprotokoller/;
Nesna;http://www.nesna.kommune.no/; <Response 200>; https://innsyn.nesna.kommune.no/motekalender;
Nesodden;http://www.nesodden.kommune.no/; <Response 200>;https://www.nesodden.kommune.no/politikk-samfunn/politikk-og-demokrati/politiske-moter-og-sakspapirer/;
Nesseby;http://www.nesseby.kommune.no/; <Response 200>;https://nesseby.custompublish.com/lokaldemokrati.5115787-27813.html;
Nesset;http://www.nesset.kommune.no/; <Response 200>; https://www.nesset.kommune.no/politikk/politiske-saker/;
Nissedal;http://www.nissedal.kommune.no/; <Response 200>; http://innsyn.nissedal.kommune.no/innsynNissedal/dmb/Details/1;
Nittedal;http://www.nittedal.kommune.no/; <Response 200>;http://opengov.cloudapp.net/meetings/nittedal;
Nome;http://www.nome.kommune.no/; <Response 200>; http://innsyn.e-kommune.no/innsyn_nome/wfinnsyn.ashx?response=moteplan_utvalg&utvalg=2&;
Nord-Aurdal;http://www.nord-aurdal.kommune.no/; <Response 200>;https://www.nord-aurdal.kommune.no/toppvalg/politikk/moteplan-og-saksliste/;
Norddal;http://www.norddal.kommune.no/; <Response 200>;https://www.norddal.kommune.no/politikk/innkallingar-og-protokollar/;
Nord-Fron;http://www.nord-fron.kommune.no/; <Response 200>;https://www.nord-fron.kommune.no/politikk/moteplan/;
Nordkapp;http://www.nordkapp.kommune.no/; <Response 200>;http://www.nordkapp.kommune.no/moetekalender-og-sakspapirer-2015-2019.386660.no.html;
Nord-Odal;http://www.nord-odal.kommune.no/; <Response 200>;https://www.nord-odal.kommune.no/category17211.html;
Nordre Land;http://www.nordre-land.kommune.no/; <Response 200>; https://innsyn.nordre-land.kommune.no/wfinnsyn.ashx?response=moteplan_utvalg&utvalg=1&;
Nordreisa;http://www.nordreisa.kommune.no/; <Response 200>;http://www.nordreisa.kommune.no/moeteplan.150524.no.html;
Nore og Uvdal;http://www.nore-og-uvdal.kommune.no/; <Response 200>;http://www.nore-og-uvdal.kommune.no/tjenester/individ-og-samfunn/politikk-og-valg;
Notodden;http://www.notodden.kommune.no/; <Response 200>;http://www.notodden.kommune.no/motekalender/;
Odda;http://www.odda.kommune.no/; <Response 200>; https://www.odda.kommune.no/innsyn.aspx?response=moteplan_utvalg&&utvalg=1&scripturi=/innsyn.aspx&skin=infolink&Mid1=64&;
Øksnes;http://www.oksnes.kommune.no/; <Response 200>; http://innsyn.e-kommune.no/innsyn_oksnes/wfinnsyn.ashx?response=moteplan&;
Oppdal;http://www.oppdal.kommune.no/; <Response 200>; http://93.89.112.77/eInnsyn/dmb/Details/1#;
Oppegård;http://www.oppegard.kommune.no/; <Response 200>;https://www.oppegard.kommune.no/moetekalender-og-sakspapirer.430248.no.html;
Orkdal;http://www.orkdal.kommune.no/; <Response 200>;http://www.orkdal.no/eInnsyn/Dmb;
Ørland;http://www.orland.kommune.no/; <Response 200>; http://84.49.104.166/eInnsyn/Dmb/Details/12;
Ørskog;http://www.orskog.kommune.no/; <Response 200>; https://www.orskog.kommune.no/politikk/moteplan-sakspapir/;
Ørsta;http://www.orsta.kommune.no/; <Response 200>; https://innsyn.ssikt.no/orsta/dmb;
Os i Hedmark;http://www.os.kommune.no/; <Response 403>;https://os.kommune.no/politikk/politisk-motekalender/;
Os i Hordaland;http://www.os.hordaland.no/; <Response 200>; https://oskommune.no/innsyn.aspx?response=moteplan_utvalg&utvalg=1&scripturi=/innsyn.aspx&skin=infolink&Mid1=563&;
Osen;http://www.osen.kommune.no/; <Response 200>;https://www.osen.kommune.no/_f/p1/ib1f4e5f6-0bb5-42a6-a68f-7e46fd447c0e/moteplan-kommunale-og-regionale-2018.pdf;
Oslo;http://www.oslo.kommune.no/; <Response 200>; https://tjenester.oslo.kommune.no/ekstern/einnsyn/sok?contentTypes=Moetemappe&kommune0=http%3A%2F%2Fdata.oslo.kommune.no%2Fvirksomhet%2FosloKommune&kommune1=http%3A%2F%2Fdata.oslo.kommune.no%2Fvirksomhet%2F976819853&kommune1=http%3A%2F%2Fdata.oslo.kommune.no%2Fvirksomhet%2F976819837&kommune2=http%3A%2F%2Fdata.oslo.kommune.no%2Futvalg%2FB--976819853&kommune2=http%3A%2F%2Fdata.oslo.kommune.no%2Futvalg%2FBR2--976819837&kommune2=http%3A%2F%2Fdata.oslo.kommune.no%2Futvalg%2FBR1--976819837;
Osterøy;http://www.osteroy.kommune.no/; <Response 200>;http://www.osteroy.kommune.no/politisk-moetekalender.299120.no.html;
Østre Toten;http://www.ostre-toten.kommune.no/; <Response 200>; https://www.ostre-toten.kommune.no/innsyn.aspx?response=moteplan_utvalg&utvalg=1;
Overhalla;http://www.overhalla.kommune.no/; <Response 200>;https://www.overhalla.kommune.no/saksliste-protokoller-og-video.116631.no.html;
Øvre Eiker;http://www.ovre-eiker.kommune.no/; <Response 200>; http://innsyn.ovre-eiker.kommune.no/eInnsyn/dmb#;
Øyer;http://www.oyer.kommune.no/; <Response 200>; http://www.oyer.kommune.no/moetekalender-og-politiske-dokumenter.449023.no.html;
Øygarden;http://www.oygarden.kommune.no/; <Response 200>; https://innsyn.e-kommune.no/innsyn_oygarden_pluss/wfinnsyn.ashx?response=moteplan_utvalg&utvalg=1;
Øystre Slidre;http://www.oystre-slidre.kommune.no/; <Response 200>; https://www.oystre-slidre.kommune.no/oystre-slidre/politikk-val/moteplan-og-sakspapir/;
Porsanger;http://www.porsanger.kommune.no/; <Response 200>;http://postlister.avjovarre.no/Innsyn_Porsanger/Dmb#;
Porsgrunn;http://www.porsgrunn.kommune.no/; ;https://www.porsgrunn.kommune.no/no/eDemokrati/Motekalender/politiske-utvalg-2015-2019/;
Råde;http://www.rade.kommune.no/; <Response 200>; https://www.rade.kommune.no/innsyn.aspx?response=moteplan_utvalg&utvalg=20&scripturi=/innsyn.aspx&skin=infolink&Mid1=12&pf=PI;
Radøy;http://www.radoy.kommune.no/; <Response 200>;http://www.radoy.kommune.no/moetekalender.299436.nn.html;
Rælingen;http://www.ralingen.kommune.no/; <Response 200>; http://opengov.cloudapp.net/Meetings/songdalen/Boards/Details/200087;
Rakkestad;http://www.rakkestad.kommune.no/; <Response 200>;http://www.rakkestad.kommune.no/politisk-moetekalender-m-saksdokumenter.288237.no.html;
Rana;http://www.rana.kommune.no/; <Response 200>;https://www.rana.kommune.no/politikk/moteplan_saksdokumenter/Sider/M%C3%B8tekalender%20og%20sakslister.aspx;
Randaberg;http://www.randaberg.kommune.no/; <Response 200>;https://www.randaberg.kommune.no/motekalender-styrer-rad-og-utvalg/;
Rauma;http://www.rauma.kommune.no/; <Response 200>;https://www.rauma.kommune.no/innsyn.aspx?response=moteplan&scripturi=%2finnsyn.aspx&skin=infolink&MId1=11623;
Re;http://www.re.kommune.no/; <Response 200>; http://www.re.kommune.no/innsyn/wfinnsyn.ashx?response=moteplan_utvalg&utvalg=2&;
Rendalen;http://www.rendalen.kommune.no/; <Response 200>;https://www.rendalen.kommune.no/politikk-og-organisasjon/politisk-motekalender-og-motedokumenter/;
Rennebu;http://www.rennebu.kommune.no/; <Response 200>;https://www.rennebu.kommune.no/innhold/politikk-og-administrasjon/motekalender/;
Rennesøy;http://www.rennesoy.kommune.no/; <Response 200>;http://www.rennesoy.kommune.no/Documents/Fellestjenester/Informasjon-arkiv-politisk%20sekretariat/Politikk/Vedtatt%20m%c3%b8teplan%202018%20rev.%20141217.pdf?epslanguage=no;
Rindal;http://www.rindal.kommune.no/; <Response 200>;https://www.rindal.kommune.no/innsyn-i-sakspapirer-og-postliste/moteplan-med-sakspapirer/;
Ringebu;http://www.ringebu.kommune.no/; <Response 200>; http://www.ringebu.kommune.no/innsyn/wfinnsyn.ashx?response=moteplan_utvalg&utvalg=1&;
Ringerike;http://www.ringerike.kommune.no/; <Response 200>;https://www.ringerike.kommune.no/politisk-kalender/;
Ringsaker;http://www.ringsaker.kommune.no/; <Response 200>; https://www1.ringsaker.kommune.no/innsyn6/wfinnsyn.ashx?response=moteplan_utvalg&utvalg=1&;
Risør;http://www.risor.kommune.no/; <Response 200>;http://159.171.0.170/einnsyn-RIS/Dmb;
Roan;http://www.roan.kommune.no/; <Response 200>;https://www.roan.kommune.no/innsyn/moteinnkallinger-og-moteprotokoller-kontrollutvalget/;
Rødøy;http://www.rodoy.kommune.no/; <Response 200>; http://www.rodoy.kommune.no/artikkel.aspx?MId1=130&AId=472;
Rollag;http://www.rollag.kommune.no/; <Response 200>;http://www.rollag.kommune.no/globalt/kalender/2018;
Rømskog;http://www.romskog.kommune.no/; <Response 200>;http://www.romskog.kommune.no/moetekalender.235079.no.html;
Røros;http://www.roros.kommune.no/; <Response 403>;https://roros.kommune.no/politikk/politisk-motekalender/;
Røst;http://www.rost.kommune.no/; <Response 200>;https://rost.kommune.no/moteplan/;
Røyken;http://www.royken.kommune.no/; <Response 200>;https://innsyn.royken.kommune.no/motekalender;
Røyrvik;http://www.royrvik.kommune.no/; <Response 200>; http://innsyn.royrvik.kommune.no/motekalender;
Rygge;http://www.rygge.kommune.no/; <Response 200>;https://www.rygge.kommune.no/politikk-og-innsyn/motekalender/;
Salangen;http://www.salangen.kommune.no/; <Response 200>;http://www.salangen.kommune.no/moetekalender.449942.no.html;
Saltdal;http://www.saltdal.kommune.no/; <Response 200>;http://aspephpub.public.cloudservices.no/Saltdal/dmb;
Samnanger;http://www.samnanger.kommune.no/; <Response 200>;https://www.samnanger.kommune.no/innsyn-postlister/saklister-moteprotokollar/;
Sande i Møre;http://www.sande-mr.kommune.no/; <Response 200>; https://innsyn.ssikt.no/sande/dmb/Details/2;
Sande i Vestfold;http://www.sande-ve.kommune.no/; <Response 200>;https://innsyn.sande-ve.kommune.no/motekalender;
Sandefjord;http://www.sandefjord.kommune.no/; <Response 200>; https://innsyn.sandefjord.kommune.no/politisk/wfinnsyn.ashx?response=moteplan_utvalg&utvalg=2&;
Sandnes;http://www.sandnes.kommune.no/; <Response 200>;http://opengov.cloudapp.net/Meetings/sandnes;
Sandøy;http://www.sandoy.kommune.no/; <Response 200>;http://www.sandoy.kommune.no/moeteplan-sakliste-protokollar.97065.nn.html;
Sarpsborg;http://www.sarpsborg.kommune.no/; <Response 200>;https://www.sarpsborg.com/politikk-og-planer/motekalender/;
Sauda;http://www.sauda.kommune.no/; <Response 200>; https://innsyn.e-kommune.no/innsyn_sauda/wfinnsyn.ashx?response=moteplan_utvalg&utvalg=1&Mid1=1650&;
Sauherad;http://www.sauherad.kommune.no/; <Response 200>;https://innsyn.onacos.no/sauherad/wfinnsyn.ashx?response=moteplan&MId1=1239;
Sel;http://www.sel.kommune.no/; <Response 200>;https://www.sel.kommune.no/_f/p7/ief31aabe-3c05-478e-ae84-cc7e76eb5fdf/moteplan_2018_rev0518.pdf;
Selbu;http://www.selbu.kommune.no/; <Response 200>;http://einnsyn.selbu.kommune.no/einnsyn/utvalg/AllUtvalg;
Selje;http://www.selje.kommune.no/; <Response 200>;https://selje.kommune.no/innsyn_pluss/wfinnsyn.ashx?response=moteplan;
Seljord;http://www.seljord.kommune.no/; <Response 200>; http://innsyn.seljord.kommune.no/innsynSeljord/dmb/Details/1;
Sigdal;http://www.sigdal.kommune.no/; <Response 200>;http://www.sigdal.kommune.no/moetekalender-sakspapirer.376568.no.html;
Siljan;http://www.siljan.kommune.no/; <Response 200>;http://opengov.cloudapp.net/Meetings/siljan;
Sirdal;http://www.sirdal.kommune.no/; <Response 200>;https://aspephpub.public.cloudservices.no/Sirdal/dmb;
Skånland;http://www.skanland.kommune.no/; <Response 200>;http://jupiter.skanland.kommune.no/motekalender;
Skaun;http://www.skaun.kommune.no/; <Response 200>;http://www.skaun.kommune.no/politiske-moeter-og-saker.162062.no.html;
Skedsmo;http://www.skedsmo.kommune.no/; <Response 200>;https://www5.skedsmo.kommune.no/Lokaldemokrati/Motekalender/;
Ski;http://www.ski.kommune.no/; <Response 200>;https://www.ski.kommune.no/politikk-og-samfunn/motekalender/#se:utvalg/utvalgid:2748;
Skien;http://www.skien.kommune.no/; <Response 200>;https://www.skien.kommune.no/skien-kommune/politikk-og-innsyn/planer-og-rapporter/;
Skiptvet;http://www.skiptvet.kommune.no/; <Response 200>;https://innsyn.onacos.no/skiptvet/wfinnsyn.ashx?response=moteplan&;
Skjåk;http://www.skjaak.kommune.no/; <Response 200>;https://postliste.regiondata.no/Innsyn_Skjak/dmb#;
Skjervøy;http://www.skjervoy.kommune.no/; <Response 200>;http://www.skjervoy.kommune.no/moeteplan-med-link-til-sakspapirer.5797.no.html;
Skodje;http://www.skodje.kommune.no/; <Response 200>; https://www.skodje.kommune.no/innsyn.aspx?response=moteplan_utvalg&utvalg=1&scripturi=/innsyn.aspx&skin=infolink&Mid1=262&;
Smøla;http://www.smola.kommune.no/; <Response 200>;https://www.smola.kommune.no/politikk/moteplan/;
Snåsa;http://www.snasa.kommune.no/; <Response 200>;http://innsyn.snasa.kommune.no/motekalender;
Snillfjord;http://www.snillfjord.kommune.no/; <Response 200>;http://www.snillfjord.kommune.no/moeteplan-2018.6072927-95642.html;
Sogndal;http://www.sogndal.kommune.no/; <Response 200>;http://www.sogndal.kommune.no/moetekalender-og-sakspapir.391476.nn.html;
Søgne;http://www.sogne.kommune.no/; <Response 200>;https://utvalg.sogne.kommune.no/utvalg/;
Sokndal;http://www.sokndal.kommune.no/; <Response 200>;https://www.sokndal.kommune.no/politikk/moteplan-og-sakslister;
Sola;http://www.sola.kommune.no/; <Response 200>; https://nyttinnsyn.sola.kommune.no/wfinnsyn.ashx?response=moteplan_utvalg&utvalg=5&;
Solund;http://www.solund.kommune.no/; <Response 200>;https://innsyn.onacos.no/solund/wfinnsyn.ashx?response=moteplan&;
Sømna;http://www.somna.kommune.no/; <Response 200>;http://www.somna.kommune.no/politikk/moteplan-og-sakspapirer-2018/;
Søndre Land;http://www.sondre-land.kommune.no/; <Response 200>;https://www.sondre-land.kommune.no/motekalender/;
Sør-Aurdal;https://www.sor-aurdal.kommune.no;;https://www.sor-aurdal.kommune.no/toppvalg/politikk-valg/moteplan-og-saker/;
Sørfold;http://www.sorfold.kommune.no/; <Response 200>; http://aspephpub.public.cloudservices.no/Sorfold/Dmb#;
Sør-Fon;http://www.sor-fron.kommune.no/; <Response 200>; https://www.sor-fron.kommune.no/politikk/moteplaner-og-saker/;
Sør-Odal;http://www.sor-odal.kommune.no/; <Response 200>; http://innsyn.e-kommune.no/innsyn_sorodal/wfinnsyn.ashx?response=moteplan_utvalg&utvalg=1&;
Sørreisa;http://www.sorreisa.kommune.no/; <Response 200>; https://aspephpub.public.cloudservices.no/Sorreisa/dmb;
Sortland;http://www.sortland.kommune.no/; <Response 200>; https://www.sortland.kommune.no/innsyn.aspx?response=moteplan_utvalg&utvalg=1&scripturi=/innsyn.aspx&skin=infolink&Mid1=10305&;
Sørum;http://www.sorum.kommune.no/; <Response 200>; http://opengov.cloudapp.net/Meetings/SORUM/Boards/Details/206467;
Sør-Varanger;http://www.sor-varanger.kommune.no/; <Response 200>; http://innsyn.e-kommune.no/innsyn_sorvaranger/wfinnsyn.ashx?response=moteplan_utvalg&utvalg=19&;
Spydeberg;http://www.spydeberg.kommune.no/;;http://www.spydeberg.kommune.no/moetekalender-og-sakspapirer.379505.no.html;
Stange;http://www.stange.kommune.no/;;http://innsyn.stange.kommune.no/motekalender;
Stavanger;http://www.stavanger.kommune.no/;;http://opengov.cloudapp.net/Meetings/STAVANGER/Boards/Details/201054;
Steigen;http://www.steigen.kommune.no/;;http://www.steigen.kommune.no/moeteplan.111220.no.html;
Steinkjer;http://www.steinkjer.kommune.no/;;https://www.steinkjer.kommune.no/moeteplan-2010.4443089-73582.html;
Stjørdal;http://www.stjordal.kommune.no/;;https://www.stjordal.kommune.no/saksdokumenter/Documents/Politisk%20møteplan%202018.pdf;
Stord;http://www.stord.kommune.no/;;http://82.134.72.200/einnsynSK/dmb;
Stordal;http://www.stordal.kommune.no/;;https://www.stordal.kommune.no/politikk-og-mote/formannskapet/;
Stor-Elvdal;http://www.stor-elvdal.kommune.no/;;http://einnsyn.sate.no/Storelvdal/dmb;
Storfjord;http://www.storfjord.kommune.no/;;https://www.storfjord.kommune.no/kommunestyret.110637.no.html;
Strand;http://www.strand.kommune.no/; <Response 200>; https://innsyn.e-kommune.no/innsyn_strand/wfinnsyn.ashx?response=moteplan_utvalg&utvalg=1&Mid1=1349&;
Stranda;http://www.stranda.kommune.no/;;https://www.stranda.kommune.no/politikk-og-mote/motekalender/;
Stryn;http://www.stryn.kommune.no/;;https://stryn.kommune.no/politikk-og-organisasjon/politikk-2/politiske-saker-og-moter/;
Sula;http://www.sula.kommune.no/;;https://www.sula.kommune.no/tenester/politikk-planar-og-dokumentinnsyn/politikk/moter-og-sakspapir/;
Suldal;http://suldal.kommune.no;;https://innsyn.e-kommune.no/innsyn_suldal/wfinnsyn.ashx?response=moteplan&;
Sund;http://www.sund.kommune.no/; <Response 200>;https://www.sund.kommune.no/innsyn.aspx?response=moteplan_utvalg&utvalg=20&scripturi=/innsyn.aspx&skin=infolink&Mid1=29&;
Sunndal;http://www.sunndal.kommune.no/; <Response 200>;http://innsyn.sunndal.kommune.no/dmb/Details/4;
Surnadal;http://www.surnadal.kommune.no/; <Response 200>;http://innsyn.surnadal.kommune.no/dmb/Details/1;
Sveio;http://www.sveio.kommune.no/;;https://www.sveio.kommune.no/politikk-administrasjon-og-innsyn/moteplan-og-saker/;
Svelvik;http://www.svelvik.kommune.no/;;https://innsyn.svelvik.kommune.no/motekalender;
Sykkylven;http://www.sykkylven.kommune.no/;;http://81.26.41.10/Innsyn/dmb;
Tana;http://www.tana.kommune.no/; <Response 200>; http://einnsyn.tana.kommune.no/einnsynTana/Dmb/Details/1;
Time;http://www.time.kommune.no/; <Response 200>; https://innsyn.e-kommune.no/innsyn_time/wfinnsyn.ashx?response=moteplan_utvalg&utvalg=2&Mid1=14773&;
Tingvoll;http://www.tingvoll.kommune.no/; <Response 200>; https://www.tingvoll.kommune.no/politikk/moteplan/moteplan-2018/;
Tinn;http://www.tinn.kommune.no/; <Response 200>; http://einnsyn.tinn.kommune.no/Dmb/Details/1#;
Tjeldsund;http://www.tjeldsund.kommune.no/; <Response 200>; http://innsyn.tjeldsund.kommune.no/eInnsyntje/utvalg;
Tokke;http://www.tokke.kommune.no/; <Response 200>; http://www.tokke.kommune.no/politikk/sakskart-og-moeteboeker;
Tolga;http://www.tolga.kommune.no/; <Response 200>; https://www.tolga.kommune.no/politikk/motekalender/;
Tønsberg;http://www.tonsberg.kommune.no/; <Response 200>; http://innsyn.v-man.no/tbg/wfinnsyn.ashx?response=moteplan&;
Torsken;http://www.torsken.kommune.no/; <Response 200>; http://www.torsken.kommune.no/moeteprotokoll.130372.no.html;
Træna;http://www.trana.kommune.no/; <Response 200>; http://www.trana.kommune.no/politisk-moetekalender.455918.no.html;
Tranøy;http://www.tranoy.kommune.no/; <Response 200>; http://www.tranoy.kommune.no/moetekalender.449290.no.html;
Trøgstad;http://www.trogstad.kommune.no/; <Response 200>; https://innsyn.trogstad.kommune.no/wfinnsyn.ashx?response=moteplan&;
Tromsø;http://www.tromso.kommune.no/; <Response 200>; https://innsyn.tromso.kommune.no/motekalender/;
Trondheim;http://www.trondheim.kommune.no/; <Response 200>; https://innsyn.trondheim.kommune.no/motekalender/;
Trysil;http://www.trysil.kommune.no/; <Response 200>; http://einnsyn.sate.no/Trysil/Dmb#;
Tvedestrand;http://www.tvedestrand.kommune.no/; <Response 200>; http://159.171.0.170/einnsyn-TVE/Dmb#;
Tydal;http://www.tydal.kommune.no/; <Response 200>; http://einnsyn.tydal.kommune.no/eInnsyn/utvalg/Details/2#;
Tynset;http://www.tynset.kommune.no/; <Response 200>; https://www.tynset.kommune.no/politikk-og-samfunn/motekalender-politiske-saker/;
Tysfjord;http://www.tysfjord.kommune.no/; <Response 200>; https://www.tysfjord.kommune.no/sakslister-og-moeteprotokoller-2018.6080397-102363.html;
Tysnes;http://www.tysnes.kommune.no/; <Response 200>; http://www.tysnes.kommune.no/moetekalender.321808.nn.html;
Tysvær;http://www.tysver.kommune.no/; <Response 200>;https://www.tysver.kommune.no/politisk-kalender-2;
Ullensaker;http://www.ullensaker.kommune.no/; <Response 200>; http://www.ullensaker.kommune.no/politisk-motekalender/#se:utvalg/utvalgid:1;
Ullensvang;http://www.ullensvang.herad.no/; <Response 200>;https://www.dropbox.com/sh/jriyyatoplhv3rn/AABnhl_eUKG4KGQDervtY9kRa/Heradsstyret?dl=0&lst=&subfolder_nav_tracking=1;
Ulstein;http://www.ulstein.kommune.no/; <Response 200>; https://innsyn.ssikt.no/ulstein/Dmb/Details/1;
Ulvik;http://www.ulvik.kommune.no/; <Response 200>; https://www.ulvik.kommune.no/innsyn.aspx?response=moteplan_utvalg&utvalg=13&scripturi=/innsyn.aspx&skin=infolink&Mid1=10522&;
Utsira;http://www.utsira.kommune.no/; <Response 200>;http://www.utsira.kommune.no/tema/individ-og-samfunn/innbyggerrettigheter/arkiv-saksframlegg/saksframlegg-til-kommunestyre/;
Vadsø;http://www.vadso.kommune.no/; <Response 200>; https://www.vadso.kommune.no/innsyn.aspx?response=moteplan_utvalg&utvalg=3&scripturi=/innsyn.aspx&skin=infolink&Mid1=148&;
Værøy;http://www.varoy.kommune.no/; <Response 200>; https://varoy.kommune.no/innsyn.aspx?response=moteplan_utvalg&utvalg=15;
Vågå;http://www.vaga.kommune.no/; <Response 200>; https://postliste.regiondata.no/Innsyn_Vaga/dmb#;
Vågan;http://www.vagan.kommune.no/; <Response 200>; https://vagan.kommune.no/politikk-og-organisasjon/innsyn/moter-og-sakspapirer/;
Vågsøy;http://www.vagsoy.kommune.no/; <Response 200>; https://vagsoy.kommune.no/innsyn_pluss/wfinnsyn.ashx?response=moteplan&MId1=876&;
Vaksdal;http://www.vaksdal.kommune.no/; <Response 200>; http://innsyn.sing.no/Vaksdal/innsyn/wfinnsyn.ashx?response=moteplan_utvalg&utvalg=3&;
Våler i Hedmark;http://www.vaaler-he.kommune.no/; <Response 200>; http://www.vaaler-he.kommune.no/innsyn/wfinnsyn.ashx?response=moteplan_utvalg&utvalg=5;
Våler i Østfold;http://www.valer-of.kommune.no/; <Response 200>; http://innsyn.valer-of.kommune.no/motekalender;
Valle;http://www.valle.kommune.no/; <Response 200>; http://159.171.48.136/eInnsynValle/dmb/Details/5;
Vang;http://www.vang.kommune.no/; <Response 200>; https://www.vang.kommune.no/undermeny/politikk-ordforar/moteplan/;
Vanylven;http://www.vanylven.kommune.no/; <Response 200>; https://innsyn.ssikt.no/vanylven/Dmb/Details/3;
Vardø;http://www.vardo.kommune.no/; <Response 200>; http://opengov.cloudapp.net/Meetings/Vardo/Boards/Details/200056;
Vefsn;http://www.vefsn.kommune.no/; <Response 200>; http://jupiter.vefsn.kommune.no:8080/motekalender;
Vega;http://www.vega.kommune.no/; <Response 200>; https://einnsyn.evps.no/einnsyn-veg/dmb#;
Vegårshei;http://www.vegarshei.kommune.no/; <Response 200>; http://159.171.0.170/einnsyn-VEG/dmb#;
Vennesla;http://www.vennesla.kommune.no/; <Response 200>; http://opengov.cloudapp.net/Meetings/vennesla/Boards/Details/204570;
Verdal;http://www.verdal.kommune.no/; <Response 200>;http://www.verdal.kommune.no/Politikk/;
Verran;http://www.verran.kommune.no/; <Response 200>; http://217.168.95.230/eInnsyn-verr/Dmb#;
Vestby;http://www.vestby.kommune.no/; <Response 200>; https://www.vestby.kommune.no/politikk.76124.no.html;
Vestnes;http://www.vestby.kommune.no/; <Response 200>;https://www.vestby.kommune.no/politikk.76124.no.html;
Vestre Slidre;http://www.vestre-slidre.kommune.no/; <Response 200>; https://www.vestre-slidre.kommune.no/administrasjon/politikk-rad-og-utval/motekalender/;
Vestre Toten;http://www.vestre-toten.kommune.no/; <Response 200>;http://www2.vestre-toten.kommune.no/k2000/k2pub.nsf;
Vestvågøy;http://www.vestvagoy.kommune.no/; <Response 200>; https://www.vestvagoy.kommune.no/politikk-og-organisasjon/politisk-motekalender-saksdokumenter/;
Vevelstad;http://www.vevelstad.kommune.no/; <Response 200>; https://einnsyn.evps.no/einnsyn-vev/dmb/Details/1;
Vik;http://www.vik.kommune.no/; <Response 200>; http://www.vik.e-kommune.no/innsyn5_drum/wfinnsyn.ashx?response=moteplan&visalle=true;
Vikna;http://www.vikna.kommune.no/; <Response 200>; http://innsyn.vikna.kommune.no/eInnsyn/dmb/Details/1;
Vindafjord;http://www.vindafjord.kommune.no/; <Response 200>; https://innsyn.e-kommune.no/innsyn_vindafjord/wfinnsyn.ashx?response=moteplan&MId1=12194&;
Vinje;http://www.vinje.kommune.no/; <Response 200>; http://94.139.92.229/eInnsyn_Vinje/dmb/Details/6;
Volda;http://www.volda.kommune.no/; <Response 200>; https://innsyn.ssikt.no/volda/Dmb/Details/8;
Voss;http://www.voss.kommune.no/; <Response 200>; http://opengov.cloudapp.net/Meetings/VOSS/Boards/Details/200986;
