http://www.kviteseid.kommune.no/~/media/lokaldemokrati/moetedokumenter/kommunestyret/2017/innkalling/innkalling-11-05-17.ashx?la=nb-NO,"[1, 'pensjonsordning', 'pensjon', 'AFP']"
http://www.kviteseid.kommune.no/~/media/lokaldemokrati/moetedokumenter/kommunestyret/2017/innkalling/innkalling-15-06-17.ashx?la=nb-NO,"[1, 'pensjon', 'tjenestepensjon']"
http://www.kviteseid.kommune.no/~/media/lokaldemokrati/moetedokumenter/kommunestyret/2017/innkalling/innkalling-19-10-17.ashx?la=nb-NO,"[1, 'pensjonsordning', 'pensjon']"
http://www.kviteseid.kommune.no/~/media/lokaldemokrati/moetedokumenter/kommunestyret/2017/innkalling/innkalling-14-12-17.ashx?la=nb-NO,"[1, 'pensjon']"
http://www.kviteseid.kommune.no/~/media/lokaldemokrati/moetedokumenter/kommunestyret/2016/innkalling/innkalling-28-01-16.ashx?la=nb-NO,"[1, 'pensjon']"
http://www.kviteseid.kommune.no/~/media/lokaldemokrati/moetedokumenter/kommunestyret/2016/innkalling/innkalling-16-06-16.ashx?la=nb-NO,"[1, 'pensjon']"
http://www.kviteseid.kommune.no/~/media/lokaldemokrati/moetedokumenter/kommunestyret/2016/innkalling/innkalling-15-09-16.ashx?la=nb-NO,"[1, 'pensjonsordning', 'pensjon']"
http://www.kviteseid.kommune.no/~/media/lokaldemokrati/moetedokumenter/kommunestyret/2016/innkalling/innkalling-20-10-16.ashx?la=nb-NO,"[1, 'pensjon']"
http://www.kviteseid.kommune.no/~/media/lokaldemokrati/moetedokumenter/kommunestyret/2016/innkalling/innkalling-15-12-16.ashx?la=nb-NO,"[1, 'pensjon']"
http://www.kviteseid.kommune.no/~/media/lokaldemokrati/moetedokumenter/kommunestyret/2015/innkalling/innkalling-04-02-15.ashx?la=nb-NO,"[1, 'pensjon']"
http://www.kviteseid.kommune.no/~/media/lokaldemokrati/moetedokumenter/kommunestyret/2015/innkalling/innkalling-15-10-15.ashx?la=nb-NO,"[1, 'pensjon']"
http://www.kviteseid.kommune.no/~/media/lokaldemokrati/moetedokumenter/kommunestyret/2015/innkalling/innkalling-17-12-15.ashx?la=nb-NO,"[1, 'pensjon']"
https://www.nesset.kommune.no/_f/p1/i67b1bd78-cb77-49f9-b045-3df30f3866a3/k-innkalling-210319.pdf,"[1, 'pensjonsordning', 'pensjon', 'tjenestepensjon']"
https://www.nesset.kommune.no/_f/p1/i09ad460d-9bbe-4e4a-aa0d-5d12640832c0/ho-innkalling-050319.pdf,"[1, 'pensjon']"
https://www.nesset.kommune.no/_f/p1/ief928b13-80f1-4909-8635-af82f660cb33/ref-innkalling-050319.pdf,"[1, 'pensjon']"
https://www.nesset.kommune.no/_f/p1/iced2ba62-ed52-443b-88f9-e71e3e357364/ref-protokoll-050319.pdf,"[1, 'pensjon']"
https://www.nesset.kommune.no/_f/p1/i778d66e5-9da7-4fda-be13-5be74dc27f83/k-saksliste-210219.pdf,"[1, 'pensjon']"
https://www.nesset.kommune.no/_f/p1/i382590ef-4ae4-49fb-a3f5-b84d29784a94/k-protokoll-210219.pdf,"[1, 'pensjon', 'pensjonsleverandør']"
http://www.tokke.kommune.no/~/media/lokaldemokrati/moetedokumenter/kommunestyret/2019/innkalling/moeteinnkalling-ks-19-03-19.ashx,"[1, 'pensjon']"
