http://innsyn.e-kommune.no/innsyn_aurland/wfdocument.ashx?journalpostid=2019000546&dokid=190418&versjon=2&variant=P&,"['1', 'Gjeld ']"
https://innsyn.onacos.no/austevoll/wfdocument.ashx?journalpostid=2019001846&dokid=260836&versjon=1&variant=P&ct=RA-PDF,"['1', 'Gjeld ']"
https://innsyn.onacos.no/austevoll/wfdocument.ashx?journalpostid=2019002046&dokid=261193&versjon=1&variant=P&ct=RA-PDF,"['1', 'Gjeld ']"
https://innsyn.onacos.no/austevoll/wfdocument.ashx?journalpostid=2019000418&dokid=256627&versjon=1&variant=P&,"['1', 'Lån ', 'Gjeld ']"
https://innsyn.onacos.no/austevoll/wfdocument.ashx?journalpostid=2018016685&dokid=256247&versjon=1&variant=P&,"['1', 'Gjeld ']"
https://innsyn.onacos.no/austevoll/wfdocument.ashx?journalpostid=2018016845&dokid=256562&versjon=5&variant=P&,"['1', 'Gjeld ']"
https://innsyn.onacos.no/austevoll/wfdocument.ashx?journalpostid=2019000413&dokid=258121&versjon=3&variant=P&,"['1', 'Gjeld ']"
https://innsyn.onacos.no/austevoll/wfdocument.ashx?journalpostid=2019000594&dokid=258486&versjon=7&variant=P&,"['1', 'Gjeld ']"
https://innsyn.onacos.no/austevoll/wfdocument.ashx?journalpostid=2019001322&dokid=259914&versjon=5&variant=P&,"['1', 'Gjeld ']"
https://innsyn.onacos.no/austevoll/wfdocument.ashx?journalpostid=2019001786&dokid=260734&versjon=2&variant=P&,"['1', 'Gjeld ']"
https://innsyn.averoy.kommune.no/Dmb/ShowDmbDocument?mId=725&documentTypeId=MI,"['1', 'Lån ', 'Gjeld ']"
https://aspephpub.public.cloudservices.no/Bardu/Dmb/ShowDmbDocument?mId=125&documentTypeId=MI,"['1', 'Lån ', 'Lån.', 'Gjeld ', 'Gjeld,', 'Gjeldsgrad']"
http://innsyn.e-kommune.no/innsyn_bjerkreim/wfdocument.aspx?journalpostid=2019000841&dokid=190280&versjon=6&variant=P&,"['1', 'Gjeld ']"
http://einnsyn.fosendrift.no/Bjugn/Dmb/ShowDmbDocument?mId=361&documentTypeId=MI,"['1', 'Lån ', 'Lån.', 'Lån,', 'Gjeld.', 'Avdrag']"
http://einnsyn.fosendrift.no/Bjugn/Dmb/ShowDmbDocument?mId=361&documentTypeId=MP,"['1', 'Lån ', 'Lån.', 'Avdrag']"
http://einnsyn.fosendrift.no/Bjugn/DmbHandling/ShowDmbHandlingDocument?dmbId=5882&caseType=CasesFremlegg&registryEntryId=67059,"['1', 'Lån ', 'Lån.', 'Avdrag']"
http://einnsyn.fosendrift.no/Bjugn/DmbHandling/ShowDmbHandlingDocument?dmbId=5851&caseType=Protokoll&registryEntryId=66598,"['1', 'Lån ', 'Avdrag']"
http://einnsyn.fosendrift.no/Bjugn/DmbHandling/ShowDmbHandlingDocument?dmbId=5772&caseType=CasesFremlegg&registryEntryId=65560,"['1', 'Lån ', 'Avdrag']"
http://einnsyn.fosendrift.no/Bjugn/DmbHandling/ShowDmbHandlingDocument?dmbId=5898&caseType=Protokoll&registryEntryId=67286,"['1', 'Lån.']"
http://einnsyn.fosendrift.no/Bjugn/DmbHandling/ShowDmbHandlingDocument?dmbId=5906&caseType=CasesFremlegg&registryEntryId=67340,"['1', 'Lån.']"
https://einnsyn.evps.no/einnsyn-bro/Dmb/ShowDmbDocument?mId=287&documentTypeId=MI,"['1', 'Lån ', 'Gjeld.', 'Avdrag']"
http://159.171.48.136/eInnsynBygland/Dmb/ShowDmbDocument?mId=106&documentTypeId=MI,"['1', 'Lån ', 'Gjeld ']"
http://159.171.48.136/eInnsynBygland/Dmb/ShowDmbDocument?mId=106&documentTypeId=MP,"['1', 'Lån ', 'Gjeld ']"
http://159.171.48.136/eInnsynBygland/DmbHandling/ShowDmbHandlingDocument?dmbId=2357&caseType=CasesFremlegg&registryEntryId=10853,"['1', 'Lån ']"
http://159.171.48.136/eInnsynBygland/DmbHandling/ShowDmbHandlingDocument?dmbId=2340&caseType=CasesFremlegg&registryEntryId=10738,"['1', 'Gjeld ']"
http://159.171.48.136/eInnsynBygland/DmbHandling/ShowDmbHandlingDocument?dmbId=2355&caseType=CasesFremlegg&registryEntryId=10850,"['1', 'Gjeld ']"
http://innsyn.e-kommune.no/innsyn_eigersund_politisk/wfdocument.aspx?journalpostid=2019005554&dokid=656298&versjon=1&variant=A&ct=RA-PDF,"['1', 'Gjeld ']"
http://innsyn.e-kommune.no/innsyn_finnoy/wfdocument.ashx?journalpostid=2019000623&dokid=175168&versjon=3&variant=A&ct=RA-PDF,"['1', 'Gjeld ']"
http://innsyn.e-kommune.no/innsyn_finnoy/wfdocument.ashx?journalpostid=2019000175&dokid=174345&versjon=4&variant=P&ct=RA-PDF,"['1', 'Gjeld ', 'Gjeld.']"
http://innsyn.fyresdal.kommune.no/innsynFyresdal/Dmb/ShowDmbDocument?mId=843&documentTypeId=MI,"['1', 'Lån ', 'Gjeld ']"
https://innsyn.onacos.no/giske/wfdocument.ashx?journalpostid=2018014234&dokid=382585&versjon=5&variant=A&,"['1', 'Gjeld ']"
https://innsyn.onacos.no/giske/wfdocument.ashx?journalpostid=2019001636&dokid=389252&versjon=2&variant=A&,"['1', 'Gjeld ']"
https://innsyn.onacos.no/giske/wfdocument.ashx?journalpostid=2018014336&dokid=382823&versjon=5&variant=A&,"['1', 'Gjeld ']"
https://innsyn.gjemnes.kommune.no/Dmb/ShowDmbDocument?mId=730&documentTypeId=MP,"['1', 'Lån ']"
https://innsyn.ssikt.no/hareid/Dmb/ShowDmbDocument?mId=764&documentTypeId=MI,"['1', 'Lån.', 'Gjeld ', 'Avdrag']"
https://innsyn.ssikt.no/heroy/Dmb/ShowDmbDocument?mId=1301&documentTypeId=MI,"['1', 'Simpel kausjon', 'Selvskyldnerkausjon', 'Lån ', 'Lån.', 'Gjeld ', 'Gjeld.', 'Avdrag']"
https://innsyn.ssikt.no/heroy/Dmb/ShowDmbDocument?mId=1301&documentTypeId=MP,"['1', 'Lån ', 'Lån.', 'Gjeld ']"
http://www.horten.kommune.no/innsyn7/wfdocument.ashx?journalpostid=2018052668&dokid=900177&versjon=5&variant=P&,"['1', 'Lån ', 'Lån.']"
http://www.horten.kommune.no/innsyn7/wfdocument.ashx?journalpostid=2019001329&dokid=915328&versjon=3&variant=P&,"['1', 'Kommunal garanti', 'Selvskyldnerkausjon', 'Lån.']"
http://159.171.48.136/eInnsynIveland/Dmb/ShowDmbDocument?mId=77&documentTypeId=MI,"['1', 'Lån ', 'Gjeld ']"
https://sru2.kongsberg.kommune.no//api/utvalg/337/moter/44384/dokumenter/1,"['1', 'Lån ']"
https://sru2.kongsberg.kommune.no//api/utvalg/337/moter/44384/behandlinger/1/1,"['1', 'Lån,']"
https://sru2.kongsberg.kommune.no//api/utvalg/337/moter/44384/behandlinger/2/0,"['1', 'Lån ']"
https://sru2.kongsberg.kommune.no//api/utvalg/337/moter/44384/behandlinger/2/1,"['1', 'Lån ']"
https://sru2.kongsberg.kommune.no//api/utvalg/337/moter/44384/behandlinger/5/1,"['1', 'Gjeld ']"
https://sru2.kongsberg.kommune.no//api/utvalg/337/moter/44384/behandlinger/5/5,"['1', 'Lån ']"
https://sru2.kongsberg.kommune.no//api/utvalg/337/moter/44384/behandlinger/6/1,"['1', 'Lån ']"
https://sru2.kongsberg.kommune.no//api/utvalg/337/moter/44385/dokumenter/0,"['1', 'Lån ', 'Avdrag']"
https://sru2.kongsberg.kommune.no//api/utvalg/337/moter/44385/behandlinger/1/0,"['1', 'Avdrag']"
https://sru2.kongsberg.kommune.no//api/utvalg/337/moter/44385/behandlinger/4/2,"['1', 'Lån ', 'Gjeld ', 'Gjeld,']"
https://sru2.kongsberg.kommune.no//api/utvalg/337/moter/44385/behandlinger/5/1,"['1', 'Gjeld ']"
https://sru2.kongsberg.kommune.no//api/utvalg/337/moter/44385/behandlinger/5/2,"['1', 'Gjeld ']"
https://www.lebesby.kommune.no/ato/esaoff/document/sakspapirer-arbeidsmte-i-formannskapet-den-14-01-2019.86970.04681db1d0.pdf,"['1', 'Lån ', 'Lån.', 'Lån,', 'Gjeld ', 'Avdrag']"
https://www.lebesby.kommune.no/ato/esaoff/document/mteprotokoll-arbeidsmte-i-formannskapet-den-14-01-2019.87694.a47d711596.pdf,"['1', 'Lån ', 'Lån.']"
https://www.lebesby.kommune.no/ato/esaoff/document/sknad-til-fiskerifondet.86966.706f7d529e.pdf,"['1', 'Lån ', 'Lån.', 'Lån,', 'Gjeld ', 'Avdrag']"
https://www.lebesby.kommune.no/ato/esaoff/document/saksprotokoll-sknad-til-fiskerifondet.87698.e8060b4d83.pdf,"['1', 'Lån ', 'Lån.']"
https://www.lunner.kommune.no/ato/esaoff/document/sakspapirer-mte-i-kommunestyret-den-07-02-2019.1095797.328979da04.pdf,"['1', 'Lån ']"
https://www.lunner.kommune.no/ato/esaoff/document/arbeidsgruppe-rapport-20181206-endelig-pdf.1085842.53962bda28.pdf,"['1', 'Lån ', 'Gjeld ']"
https://www.lunner.kommune.no/ato/esaoff/document/mteprotokoll-mte-i-kommunestyret-den-13-12-2018.1086523.187d5ab4b8.pdf,"['1', 'Lån ', 'Lån.', 'Lån,', 'Avdrag']"
https://www.lunner.kommune.no/ato/esaoff/document/prosessplan-boligpolitisk-handlingsplan-2020-2025.1093512.4407bd84c1.pdf,"['1', 'Lån ']"
https://sru.lyngdal.kommune.no/sru2/api/utvalg/8/moter/1468/dokumenter/0,"['1', 'Lån ', 'Lån.', 'Lån,', 'Gjeld ', 'Avdrag']"
https://sru.lyngdal.kommune.no/sru2/api/utvalg/8/moter/1468/behandlinger/5/0,"['1', 'Lån ', 'Lån.', 'Lån,', 'Gjeld ', 'Avdrag']"
https://sru.lyngdal.kommune.no/sru2/api/utvalg/8/moter/1468/behandlinger/5/1,"['1', 'Lån ']"
https://sru.lyngdal.kommune.no/sru2/api/utvalg/8/moter/1468/behandlinger/5/2,"['1', 'Lån ']"
https://sru.lyngdal.kommune.no/sru2/api/utvalg/8/moter/1468/behandlinger/5/3,"['1', 'Lån ']"
https://sru.lyngdal.kommune.no/sru2/api/utvalg/8/moter/1468/behandlinger/11/4,"['1', 'Gjeld ']"
https://www.nesset.kommune.no/_f/p1/if176e4b0-c9bc-4a66-819a-4458fd7782c4/ho-innkalling-060219.pdf,"['1', 'Lån,', 'Avdrag']"
https://www.nesset.kommune.no/_f/p1/ic516dfe2-c443-48d4-9f80-dc78c82a94f0/ho-protokoll-ny-pr-110219.pdf,"['1', 'Avdrag']"
https://www.nesset.kommune.no/_f/p1/i8b5c0375-463d-4e00-b1a8-8027e63202e8/f-sakliste-010219.pdf,"['1', 'Lån ']"
ftp://portal.nesset.kommune.no/web1543/dokument/F_innkalling_010219.pdf,"['1', 'Lån ']"
https://www.nesset.kommune.no/_f/p1/i587c0d24-8d8a-4f06-a125-92cb3b497555/f-protokoll-010219.pdf,"['1', 'Lån ']"
https://www.nesset.kommune.no/_f/p1/i435cbc7a-5c64-4fdd-bb4b-1d498b843794/ok-innkalling-220119.pdf,"['1', 'Lån ', 'Avdrag']"
http://innsyn.nissedal.kommune.no/innsynNissedal/Dmb/ShowDmbDocument?mId=577&documentTypeId=MI,"['1', 'Lån ', 'Lån.', 'Gjeld ']"
http://innsyn.nissedal.kommune.no/innsynNissedal/DmbHandling/ShowDmbHandlingDocument?dmbId=9426&caseType=CasesFremlegg&registryEntryId=133511,"['1', 'Gjeld ']"
http://innsyn.nissedal.kommune.no/innsynNissedal/DmbHandling/ShowDmbHandlingDocument?dmbId=9357&caseType=CasesFremlegg&registryEntryId=131960,"['1', 'Gjeld ']"
http://innsyn.nissedal.kommune.no/innsynNissedal/DmbHandling/ShowDmbHandlingDocument?dmbId=9402&caseType=CasesFremlegg&registryEntryId=133068,"['1', 'Lån.']"
http://innsyn.nissedal.kommune.no/innsynNissedal/DmbHandling/ShowDmbHandlingDocument?dmbId=9433&caseType=CasesFremlegg&registryEntryId=133647,"['1', 'Lån ']"
https://www.odda.kommune.no/innsyn/wfdocument.ashx?journalpostid=2019001957&dokid=379165&versjon=1&variant=A&ct=RA-PDF,"['1', 'Gjeld ']"
https://www.odda.kommune.no/innsyn/wfdocument.ashx?journalpostid=2019000076&dokid=375953&versjon=6&variant=A&ct=RA-PDF,"['1', 'Lån ', 'Lån.', 'Gjeld ', 'Avdrag']"
https://www.odda.kommune.no/innsyn/wfdocument.ashx?journalpostid=2019000602&dokid=376951&versjon=7&variant=A&ct=RA-PDF,"['1', 'Gjeld ']"
https://www.odda.kommune.no/innsyn/wfdocument.ashx?journalpostid=2019000602&dokid=377613&versjon=1&variant=A&ct=RA-PDF,"['1', 'Gjeld ']"
https://www.odda.kommune.no/innsyn/wfdocument.ashx?journalpostid=2019000602&dokid=377614&versjon=1&variant=A&ct=RA-PDF,"['1', 'Gjeld ']"
https://www.odda.kommune.no/innsyn/wfdocument.ashx?journalpostid=2019000696&dokid=377610&versjon=1&variant=A&ct=RA-PDF,"['1', 'Gjeld ']"
https://www.odda.kommune.no/innsyn/wfdocument.ashx?journalpostid=2019000696&dokid=377609&versjon=1&variant=P&ct=JPG,"['1', 'Gjeld ']"
https://www.odda.kommune.no/innsyn/wfdocument.ashx?journalpostid=2019000703&dokid=377597&versjon=1&variant=A&ct=RA-PDF,"['1', 'Gjeld ']"
https://www.odda.kommune.no/innsyn/wfdocument.ashx?journalpostid=2019001688&dokid=378773&versjon=1&variant=A&ct=RA-PDF,"['1', 'Gjeld ']"
https://www.odda.kommune.no/innsyn/wfdocument.ashx?journalpostid=2019000986&dokid=377555&versjon=9&variant=A&ct=RA-PDF,"['1', 'Gjeld ']"
https://www.odda.kommune.no/innsyn/wfdocument.ashx?journalpostid=2019000986&dokid=367491&versjon=1&variant=A&ct=RA-PDF,"['1', 'Lån.', 'Gjeld ', 'Gjeld.', 'Gjeld,']"
https://www.odda.kommune.no/innsyn/wfdocument.ashx?journalpostid=2019000027&dokid=376150&versjon=1&variant=A&ct=RA-PDF,"['1', 'Gjeld ']"
https://www.odda.kommune.no/innsyn/wfdocument.ashx?journalpostid=2019001597&dokid=378589&versjon=1&variant=A&ct=RA-PDF,"['1', 'Gjeld ']"
http://93.89.112.77/eInnsyn/Dmb/ShowDmbDocument?mId=1030&documentTypeId=MI,"['1', 'Lån ', 'Lån.', 'Gjeld ', 'Gjeld.', 'Gjeld,', 'Gjeldsgrad', 'Avdrag']"
http://93.89.112.77/eInnsyn/DmbHandling/ShowDmbHandlingDocument?dmbId=32384&caseType=CasesFremlegg&registryEntryId=178891,"['1', 'Lån ', 'Lån.', 'Gjeld ', 'Gjeldsgrad']"
http://93.89.112.77/eInnsyn/DmbHandling/ShowDmbHandlingDocument?dmbId=32422&caseType=CasesFremlegg&registryEntryId=179137,"['1', 'Gjeld,']"
http://93.89.112.77/eInnsyn/DmbHandling/ShowDmbHandlingDocument?dmbId=31534&caseType=CasesFremlegg&registryEntryId=174087,"['1', 'Lån ', 'Gjeld ', 'Avdrag']"
http://93.89.112.77/eInnsyn/Dmb/ShowDmbDocument?mId=1027&documentTypeId=MI,"['1', 'Kommunal garanti', 'Lån ', 'Lån.', 'Lån,', 'Gjeld ', 'Avdrag']"
http://93.89.112.77/eInnsyn/Dmb/ShowDmbDocument?mId=1027&documentTypeId=MP,"['1', 'Lån ', 'Avdrag']"
http://93.89.112.77/eInnsyn/DmbHandling/ShowDmbHandlingDocument?dmbId=31860&caseType=CasesFremlegg&registryEntryId=175222,"['1', 'Lån ']"
http://93.89.112.77/eInnsyn/DmbHandling/ShowDmbHandlingDocument?dmbId=32011&caseType=CasesFremlegg&registryEntryId=175892,"['1', 'Lån ', 'Avdrag']"
http://93.89.112.77/eInnsyn/DmbHandling/ShowDmbHandlingDocument?dmbId=32011&caseType=Protokoll&registryEntryId=175892,"['1', 'Lån ', 'Avdrag']"
http://93.89.112.77/eInnsyn/DmbHandling/ShowDmbHandlingDocument?dmbId=32165&caseType=CasesFremlegg&registryEntryId=177554,"['1', 'Kommunal garanti', 'Lån ', 'Lån.']"
http://93.89.112.77/eInnsyn/DmbHandling/ShowDmbHandlingDocument?dmbId=32194&caseType=CasesFremlegg&registryEntryId=177666,"['1', 'Lån ', 'Lån.']"
http://93.89.112.77/eInnsyn/DmbHandling/ShowDmbHandlingDocument?dmbId=32194&caseType=Protokoll&registryEntryId=177666,"['1', 'Lån ']"
http://93.89.112.77/eInnsyn/Dmb/ShowDmbDocument?mId=960&documentTypeId=MI,"['1', 'Lån.']"
http://93.89.112.77/eInnsyn/DmbHandling/ShowDmbHandlingDocument?dmbId=31977&caseType=CasesFremlegg&registryEntryId=175760,"['1', 'Kommunal garanti', 'Lån ', 'Gjeld.']"
http://93.89.112.77/eInnsyn/DmbHandling/ShowDmbHandlingDocument?dmbId=31826&caseType=CasesFremlegg&registryEntryId=174965,"['1', 'Lån ']"
http://93.89.112.77/eInnsyn/Dmb/ShowDmbDocument?mId=958&documentTypeId=MP,"['1', 'Kommunal garanti', 'Lån ', 'Avdrag']"
http://93.89.112.77/eInnsyn/DmbHandling/ShowDmbHandlingDocument?dmbId=31124&caseType=CasesFremlegg&registryEntryId=170069,"['1', 'Lån ']"
http://93.89.112.77/eInnsyn/DmbHandling/ShowDmbHandlingDocument?dmbId=31124&caseType=Protokoll&registryEntryId=170069,"['1', 'Lån ']"
http://93.89.112.77/eInnsyn/DmbHandling/ShowDmbHandlingDocument?dmbId=31395&caseType=CasesFremlegg&registryEntryId=173477,"['1', 'Kommunal garanti', 'Lån ', 'Lån,', 'Gjeld ', 'Gjeld.', 'Avdrag']"
http://93.89.112.77/eInnsyn/DmbHandling/ShowDmbHandlingDocument?dmbId=31395&caseType=Protokoll&registryEntryId=173477,"['1', 'Lån ', 'Avdrag']"
http://93.89.112.77/eInnsyn/DmbHandling/ShowDmbHandlingDocument?dmbId=31396&caseType=CasesFremlegg&registryEntryId=173480,"['1', 'Kommunal garanti', 'Simpel kausjon', 'Selvskyldnerkausjon', 'Lån ', 'Avdrag']"
http://93.89.112.77/eInnsyn/DmbHandling/ShowDmbHandlingDocument?dmbId=31396&caseType=Protokoll&registryEntryId=173480,"['1', 'Kommunal garanti', 'Avdrag']"
http://93.89.112.77/eInnsyn/DmbHandling/ShowDmbHandlingDocument?dmbId=30235&caseType=Protokoll&registryEntryId=164344,"['1', 'Selvskyldner kausjon', 'Lån ', 'Gjeld ', 'Avdrag']"
http://93.89.112.77/eInnsyn/DmbHandling/ShowDmbHandlingDocument?dmbId=29492&caseType=CasesFremlegg&registryEntryId=156190,"['1', 'Kommunal garanti', 'Simpel kausjon', 'Selvskyldner garanti', 'Lån ', 'Gjeld ', 'Gjeld.', 'Avdrag']"
http://93.89.112.77/eInnsyn/DmbHandling/ShowDmbHandlingDocument?dmbId=29492&caseType=Protokoll&registryEntryId=156190,"['1', 'Simpel kausjon', 'Lån ', 'Gjeld ', 'Avdrag']"
http://93.89.112.77/eInnsyn/DmbHandling/ShowDmbHandlingDocument?dmbId=28634&caseType=Protokoll&registryEntryId=152529,"['1', 'Kommunal garanti', 'Lån ']"
http://93.89.112.77/eInnsyn/DmbHandling/ShowDmbHandlingDocument?dmbId=28636&caseType=CasesFremlegg&registryEntryId=152532,"['1', 'Lån ']"
http://93.89.112.77/eInnsyn/DmbHandling/ShowDmbHandlingDocument?dmbId=28508&caseType=CasesFremlegg&registryEntryId=151720,"['1', 'Lån ']"
http://93.89.112.77/eInnsyn/DmbHandling/ShowDmbHandlingDocument?dmbId=27206&caseType=Protokoll&registryEntryId=146852,"['1', 'Simpel kausjon', 'Lån ']"
http://93.89.112.77/eInnsyn/DmbHandling/ShowDmbHandlingDocument?dmbId=27323&caseType=CasesFremlegg&registryEntryId=147360,"['1', 'Lån ', 'Lån.', 'Avdrag']"
http://93.89.112.77/eInnsyn/DmbHandling/ShowDmbHandlingDocument?dmbId=26853&caseType=CasesFremlegg&registryEntryId=145345,"['1', 'Kommunal garanti', 'Selvskyldnergaranti', 'Selvskyldnerkausjon', 'Gjeld ', 'Gjeld.']"
http://93.89.112.77/eInnsyn/DmbHandling/ShowDmbHandlingDocument?dmbId=26386&caseType=Protokoll&registryEntryId=143201,"['1', 'Simpel kausjon', 'Lån ']"
http://93.89.112.77/eInnsyn/DmbHandling/ShowDmbHandlingDocument?dmbId=26165&caseType=CasesFremlegg&registryEntryId=141928,"['1', 'Lån ', 'Lån,', 'Gjeld ', 'Avdrag']"
http://93.89.112.77/eInnsyn/DmbHandling/ShowDmbHandlingDocument?dmbId=26269&caseType=CasesFremlegg&registryEntryId=142348,"['1', 'Lån ']"
http://93.89.112.77/eInnsyn/DmbHandling/ShowDmbHandlingDocument?dmbId=25773&caseType=Protokoll&registryEntryId=139939,"['1', 'Simpel kausjon']"
http://93.89.112.77/eInnsyn/DmbHandling/ShowDmbHandlingDocument?dmbId=24151&caseType=Protokoll&registryEntryId=133307,"['1', 'Lån ']"
http://93.89.112.77/eInnsyn/DmbHandling/ShowDmbHandlingDocument?dmbId=24217&caseType=CasesFremlegg&registryEntryId=133633,"['1', 'Gjeld ']"
http://93.89.112.77/eInnsyn/DmbHandling/ShowDmbHandlingDocument?dmbId=24228&caseType=CasesFremlegg&registryEntryId=133688,"['1', 'Kommunal garanti', 'Simpel kausjon', 'Selvskyldnerkausjon', 'Lån ', 'Avdrag']"
http://93.89.112.77/eInnsyn/DmbHandling/ShowDmbHandlingDocument?dmbId=24228&caseType=Protokoll&registryEntryId=133688,"['1', 'Simpel kausjon', 'Lån ', 'Avdrag']"
http://93.89.112.77/eInnsyn/DmbHandling/ShowDmbHandlingDocument?dmbId=22049&caseType=Protokoll&registryEntryId=123090,"['1', 'Kommunal garanti', 'Simpel kausjon', 'Lån ']"
http://93.89.112.77/eInnsyn/DmbHandling/ShowDmbHandlingDocument?dmbId=17760&caseType=CasesFremlegg&registryEntryId=101686,"['1', 'Lån ', 'Lån,', 'Gjeld.']"
https://innsyn.onacos.no/os/prod/wfdocument.ashx?journalpostid=2019010605&dokid=531873&versjon=1&variant=A&,"['1', 'Gjeld ']"
https://innsyn.onacos.no/os/prod/wfdocument.ashx?journalpostid=2018030100&dokid=477163&versjon=1&variant=A&,"['1', 'Gjeld ']"
https://innsyn.onacos.no/os/prod/wfdocument.ashx?journalpostid=2019005938&dokid=530819&versjon=4&variant=A&,"['1', 'Gjeld ', 'Gjeld.']"
https://innsyn.onacos.no/os/prod/wfdocument.ashx?journalpostid=2018047699&dokid=508268&versjon=2&variant=A&,"['1', 'Gjeld ']"
https://www.re.kommune.no/innsyn/wfdocument.ashx?journalpostid=2019001495&dokid=323304&versjon=2&variant=P&,"['1', 'Lån ']"
http://www.rodoy.kommune.no/Handlers/fh.ashx?MId1=15&FilId=4017,"['1', 'Lån ', 'Gjeld ', 'Gjeld.', 'Avdrag']"
http://www.rodoy.kommune.no/Handlers/fh.ashx?MId1=15&FilId=4013,"['1', 'Lån ', 'Avdrag']"
http://www.rodoy.kommune.no/Handlers/fh.ashx?MId1=15&FilId=4019,"['1', 'Lån ', 'Lån.', 'Lån,', 'Gjeld ', 'Gjeld,', 'Avdrag']"
http://www.rodoy.kommune.no/Handlers/fh.ashx?MId1=15&FilId=3881,"['1', 'Gjeld ', 'Avdrag']"
http://www.rodoy.kommune.no/Handlers/fh.ashx?MId1=15&FilId=3895,"['1', 'Avdrag']"
http://www.rodoy.kommune.no/Handlers/fh.ashx?MId1=15&FilId=3871,"['1', 'Lån ', 'Lån.']"
https://innsyn.onacos.no/rade/mote/wfdocument.ashx?journalpostid=2019000688&dokid=333120&versjon=3&variant=A&pf=PI,"['1', 'Lån.']"
https://innsyn.sandefjord.kommune.no/politisk/wfdocument.ashx?journalpostid=2019019966&dokid=1762475&versjon=1&variant=A&ct=RA-PDF,"['1', 'Gjeld ']"
https://innsyn.sandefjord.kommune.no/politisk/wfdocument.ashx?journalpostid=2019003601&dokid=1733072&versjon=1&variant=A&,"['1', 'Lån ', 'Lån.', 'Lån,', 'Avdrag']"
https://innsyn.sandefjord.kommune.no/politisk/wfdocument.ashx?journalpostid=2018128716&dokid=1708516&versjon=1&variant=A&,"['1', 'Gjeld ']"
https://innsyn.sandefjord.kommune.no/politisk/wfdocument.ashx?journalpostid=2018128716&dokid=1708517&versjon=1&variant=A&,"['1', 'Lån ']"
https://innsyn.sandefjord.kommune.no/politisk/wfdocument.ashx?journalpostid=2018128716&dokid=1720288&versjon=1&variant=A&,"['1', 'Lån ']"
https://innsyn.sandefjord.kommune.no/politisk/wfdocument.ashx?journalpostid=2018132112&dokid=1725749&versjon=7&variant=A&,"['1', 'Gjeld ']"
http://innsyn.seljord.kommune.no/innsynSeljord/Dmb/ShowDmbDocument?mId=739&documentTypeId=MI,"['1', 'Lån ', 'Gjeld ', 'Gjeld.']"
http://innsyn.seljord.kommune.no/innsynSeljord/Dmb/ShowDmbDocument?mId=739&documentTypeId=MP,"['1', 'Gjeld ']"
http://innsyn.e-kommune.no/innsyn_skodje/wfdocument.aspx?journalpostid=2019000595&dokid=91121&versjon=1&variant=A&ct=RA-PDF,"['1', 'Gjeld ']"
http://innsyn.e-kommune.no/innsyn_skodje/wfdocument.aspx?journalpostid=2019000661&dokid=91222&versjon=1&variant=A&ct=RA-PDF,"['1', 'Gjeld ', 'Avdrag']"
http://innsyn.e-kommune.no/innsyn_skodje/wfdocument.aspx?journalpostid=2019000916&dokid=91610&versjon=1&variant=A&ct=RA-PDF,"['1', 'Gjeld ', 'Avdrag']"
http://innsyn.e-kommune.no/innsyn_skodje/wfdocument.aspx?journalpostid=2019000589&dokid=91115&versjon=1&variant=A&,"['1', 'Gjeld ']"
http://innsyn.e-kommune.no/innsyn_skodje/wfdocument.aspx?journalpostid=2019000552&dokid=91113&versjon=1&variant=A&,"['1', 'Gjeld ', 'Gjeld.']"
http://innsyn.e-kommune.no/innsyn_skodje/wfdocument.aspx?journalpostid=2019000552&dokid=83375&versjon=1&variant=A&,"['1', 'Gjeld ']"
http://innsyn.e-kommune.no/innsyn_skodje/wfdocument.aspx?journalpostid=2019000552&dokid=83377&versjon=1&variant=A&,"['1', 'Gjeld ']"
http://innsyn.e-kommune.no/innsyn_skodje/wfdocument.aspx?journalpostid=2019000552&dokid=83481&versjon=1&variant=A&,"['1', 'Gjeld ']"
http://innsyn.e-kommune.no/innsyn_skodje/wfdocument.aspx?journalpostid=2019000552&dokid=81510&versjon=1&variant=A&,"['1', 'Gjeld ']"
http://innsyn.e-kommune.no/innsyn_skodje/wfdocument.aspx?journalpostid=2019000552&dokid=82007&versjon=1&variant=A&,"['1', 'Gjeld ']"
http://innsyn.e-kommune.no/innsyn_skodje/wfdocument.aspx?journalpostid=2019000552&dokid=82499&versjon=1&variant=A&,"['1', 'Gjeld ', 'Gjeld.']"
http://innsyn.e-kommune.no/innsyn_skodje/wfdocument.aspx?journalpostid=2019000552&dokid=82698&versjon=1&variant=A&,"['1', 'Gjeld ']"
http://innsyn.e-kommune.no/innsyn_skodje/wfdocument.aspx?journalpostid=2019000552&dokid=76910&versjon=1&variant=A&,"['1', 'Gjeld ']"
http://innsyn.e-kommune.no/innsyn_skodje/wfdocument.aspx?journalpostid=2019000552&dokid=83485&versjon=1&variant=A&,"['1', 'Gjeld ', 'Gjeld.']"
http://innsyn.e-kommune.no/innsyn_skodje/wfdocument.aspx?journalpostid=2019000552&dokid=81828&versjon=1&variant=A&,"['1', 'Gjeld ']"
http://innsyn.e-kommune.no/innsyn_skodje/wfdocument.aspx?journalpostid=2019000552&dokid=81830&versjon=1&variant=A&,"['1', 'Gjeld ']"
http://innsyn.e-kommune.no/innsyn_skodje/wfdocument.aspx?journalpostid=2019000552&dokid=82377&versjon=1&variant=A&,"['1', 'Gjeld ']"
http://innsyn.e-kommune.no/innsyn_skodje/wfdocument.aspx?journalpostid=2019000552&dokid=82539&versjon=1&variant=A&,"['1', 'Gjeld ']"
http://innsyn.e-kommune.no/innsyn_skodje/wfdocument.aspx?journalpostid=2019000552&dokid=82674&versjon=1&variant=A&,"['1', 'Gjeld ']"
http://innsyn.e-kommune.no/innsyn_skodje/wfdocument.aspx?journalpostid=2019000552&dokid=82696&versjon=1&variant=A&,"['1', 'Gjeld ']"
http://innsyn.e-kommune.no/innsyn_skodje/wfdocument.aspx?journalpostid=2019000552&dokid=83417&versjon=1&variant=A&,"['1', 'Gjeld ']"
http://innsyn.e-kommune.no/innsyn_skodje/wfdocument.aspx?journalpostid=2019000552&dokid=83487&versjon=1&variant=A&,"['1', 'Gjeld ']"
http://innsyn.e-kommune.no/innsyn_skodje/wfdocument.aspx?journalpostid=2019000552&dokid=90918&versjon=1&variant=A&,"['1', 'Gjeld ', 'Gjeld,']"
http://innsyn.e-kommune.no/innsyn_skodje/wfdocument.aspx?journalpostid=2019000552&dokid=90919&versjon=1&variant=A&,"['1', 'Gjeld ', 'Gjeld,']"
http://innsyn.e-kommune.no/innsyn_skodje/wfdocument.aspx?journalpostid=2019000552&dokid=90920&versjon=1&variant=A&,"['1', 'Gjeld ']"
http://innsyn.e-kommune.no/innsyn_skodje/wfdocument.aspx?journalpostid=2019000552&dokid=90926&versjon=1&variant=A&,"['1', 'Gjeld ']"
http://innsyn.e-kommune.no/innsyn_skodje/wfdocument.aspx?journalpostid=2019000552&dokid=90929&versjon=1&variant=A&,"['1', 'Gjeld ']"
http://innsyn.e-kommune.no/innsyn_skodje/wfdocument.aspx?journalpostid=2019000552&dokid=90930&versjon=1&variant=A&,"['1', 'Gjeld ']"
http://innsyn.e-kommune.no/innsyn_skodje/wfdocument.aspx?journalpostid=2018003777&dokid=73424&versjon=3&variant=A&,"['1', 'Gjeld ']"
http://innsyn.e-kommune.no/innsyn_skodje/wfdocument.aspx?journalpostid=2018003777&dokid=90036&versjon=1&variant=A&,"['1', 'Gjeld ']"
http://innsyn.e-kommune.no/innsyn_skodje/wfdocument.aspx?journalpostid=2018003777&dokid=50384&versjon=2&variant=A&,"['1', 'Gjeld ']"
http://innsyn.e-kommune.no/innsyn_skodje/wfdocument.aspx?journalpostid=2018003777&dokid=89244&versjon=1&variant=A&,"['1', 'Gjeld ']"
http://innsyn.e-kommune.no/innsyn_skodje/wfdocument.aspx?journalpostid=2018003777&dokid=88206&versjon=1&variant=A&,"['1', 'Gjeld ']"
http://innsyn.e-kommune.no/innsyn_skodje/wfdocument.aspx?journalpostid=2018003777&dokid=72148&versjon=1&variant=A&,"['1', 'Gjeld ']"
http://innsyn.e-kommune.no/innsyn_skodje/wfdocument.aspx?journalpostid=2018003777&dokid=70654&versjon=1&variant=A&,"['1', 'Gjeld ']"
http://innsyn.e-kommune.no/innsyn_skodje/wfdocument.aspx?journalpostid=2018003777&dokid=70426&versjon=1&variant=A&,"['1', 'Gjeld ']"
http://innsyn.e-kommune.no/innsyn_skodje/wfdocument.aspx?journalpostid=2018003777&dokid=55632&versjon=1&variant=A&,"['1', 'Gjeld ']"
http://innsyn.e-kommune.no/innsyn_skodje/wfdocument.aspx?journalpostid=2018003777&dokid=55348&versjon=1&variant=A&,"['1', 'Gjeld ']"
http://innsyn.e-kommune.no/innsyn_skodje/wfdocument.aspx?journalpostid=2018003777&dokid=55080&versjon=1&variant=A&,"['1', 'Gjeld ']"
http://innsyn.e-kommune.no/innsyn_skodje/wfdocument.aspx?journalpostid=2018003777&dokid=54062&versjon=1&variant=A&,"['1', 'Gjeld ']"
http://innsyn.e-kommune.no/innsyn_skodje/wfdocument.aspx?journalpostid=2019000584&dokid=91107&versjon=2&variant=A&,"['1', 'Gjeld ']"
http://innsyn.e-kommune.no/innsyn_skodje/wfdocument.aspx?journalpostid=2019000310&dokid=90727&versjon=1&variant=A&,"['1', 'Lån ']"
http://innsyn.e-kommune.no/innsyn_skodje/wfdocument.aspx?journalpostid=2019000183&dokid=90420&versjon=3&variant=A&,"['1', 'Gjeld ', 'Avdrag']"
https://nyttinnsyn.sola.kommune.no/wfdocument.aspx?journalpostid=2019004129&dokid=1423757&versjon=1&variant=A&ct=RA-PDF,"['1', 'Selvskyldnergaranti', 'Lån ', 'Gjeld ', 'Gjeldsgrad', 'Avdrag']"
https://nyttinnsyn.sola.kommune.no/wfdocument.aspx?journalpostid=2019001053&dokid=1416552&versjon=3&variant=A&,"['1', 'Selvskyldnergaranti', 'Lån ', 'Gjeld ', 'Gjeldsgrad', 'Avdrag']"
https://nyttinnsyn.sola.kommune.no/wfdocument.aspx?journalpostid=2018035846&dokid=1412251&versjon=4&variant=A&,"['1', 'Selvskyldnergaranti']"
https://nyttinnsyn.sola.kommune.no/wfdocument.aspx?journalpostid=2018035846&dokid=1417119&versjon=1&variant=A&,"['1', 'Selvskyldnergaranti', 'Lån ']"
https://nyttinnsyn.sola.kommune.no/wfdocument.aspx?journalpostid=2018036809&dokid=1413970&versjon=1&variant=A&,"['1', 'Gjeld ']"
https://www.sund.kommune.no/innsynfront/wfdocument.ashx?journalpostid=2018020827&dokid=96729&versjon=1&variant=P&,"['1', 'Lån ', 'Lån.', 'Gjeld ', 'Avdrag']"
https://www.sund.kommune.no/innsynfront/wfdocument.ashx?journalpostid=2019001059&dokid=99794&versjon=3&variant=P&,"['1', 'Lån ']"
https://www.sund.kommune.no/innsynfront/wfdocument.ashx?journalpostid=2019000927&dokid=99547&versjon=3&variant=P&,"['1', 'Gjeld ']"
https://www.sund.kommune.no/innsynfront/wfdocument.ashx?journalpostid=2019001020&dokid=99711&versjon=3&variant=P&,"['1', 'Gjeld ', 'Gjeld.']"
https://www.sund.kommune.no/innsynfront/wfdocument.ashx?journalpostid=2019001020&dokid=99888&versjon=1&variant=A&,"['1', 'Gjeld ']"
https://www.sund.kommune.no/innsynfront/wfdocument.ashx?journalpostid=2019001020&dokid=99889&versjon=1&variant=A&,"['1', 'Gjeld ', 'Gjeld.']"
https://www.sund.kommune.no/innsynfront/wfdocument.ashx?journalpostid=2019001020&dokid=99890&versjon=1&variant=A&,"['1', 'Gjeld.']"
https://www.sund.kommune.no/innsynfront/wfdocument.ashx?journalpostid=2019000618&dokid=99079&versjon=3&variant=P&,"['1', 'Gjeld ']"
https://www.sund.kommune.no/innsynfront/wfdocument.ashx?journalpostid=2019001594&dokid=100760&versjon=2&variant=P&,"['1', 'Gjeld ']"
https://innsyn.sunndal.kommune.no/Dmb/ShowDmbDocument?mId=961&documentTypeId=MI,"['1', 'Lån ', 'Lån.', 'Gjeld ']"
https://innsyn.sunndal.kommune.no/DmbHandling/ShowDmbHandlingDocument?dmbId=16341&caseType=CasesFremlegg&registryEntryId=323839,"['1', 'Lån ']"
https://innsyn.sunndal.kommune.no/DmbHandling/ShowDmbHandlingDocument?dmbId=16341&caseType=Protokoll&registryEntryId=323839,"['1', 'Lån ']"
https://innsyn.sunndal.kommune.no/DmbHandling/ShowDmbHandlingDocument?dmbId=16205&caseType=CasesFremlegg&registryEntryId=312705,"['1', 'Gjeld ']"
https://innsyn.surnadal.kommune.no/Dmb/ShowDmbDocument?mId=1317&documentTypeId=MI,"['1', 'Kommunal garanti', 'Lån ', 'Lån,', 'Gjeld ', 'Gjeld.', 'Gjeld,', 'Avdrag']"
http://aspephpub.public.cloudservices.no/Sorfold/Dmb/ShowDmbDocument?mId=236&documentTypeId=MI,"['1', 'Lån ', 'Lån.', 'Lån,', 'Gjeld ', 'Avdrag']"
http://aspephpub.public.cloudservices.no/Sorfold/Dmb/ShowDmbDocument?mId=243&documentTypeId=MI,"['1', 'Lån.', 'Gjeld ']"
http://aspephpub.public.cloudservices.no/Sorfold/Dmb/ShowDmbDocument?mId=242&documentTypeId=MI,"['1', 'Gjeld ']"
https://innsyn.onacos.no/sorfron/wfdocument.ashx?journalpostid=2019001347&dokid=222469&versjon=2&variant=P&,"['1', 'Gjeld ']"
https://innsyn.onacos.no/sorfron/wfdocument.ashx?journalpostid=2018019387&dokid=218651&versjon=1&variant=A&,"['1', 'Gjeld ']"
https://innsyn.onacos.no/sorfron/wfdocument.ashx?journalpostid=2019001342&dokid=222460&versjon=1&variant=A&,"['1', 'Gjeld ']"
https://innsyn.onacos.no/sorfron/wfdocument.ashx?journalpostid=2018017113&dokid=214270&versjon=4&variant=P&,"['1', 'Gjeld ']"
https://innsyn.onacos.no/sorfron/wfdocument.ashx?journalpostid=2018017113&dokid=217359&versjon=1&variant=A&,"['1', 'Gjeld ']"
https://innsyn.onacos.no/sorfron/wfdocument.ashx?journalpostid=2019000024&dokid=220442&versjon=2&variant=A&,"['1', 'Lån,', 'Avdrag']"
https://innsyn.onacos.no/sorfron/wfdocument.ashx?journalpostid=2019000539&dokid=221227&versjon=2&variant=P&,"['1', 'Gjeld ']"
https://innsyn.onacos.no/sorfron/wfdocument.ashx?journalpostid=2019000641&dokid=211296&versjon=1&variant=A&,"['1', 'Gjeld ']"
https://innsyn.onacos.no/sorfron/wfdocument.ashx?journalpostid=2019002658&dokid=224318&versjon=1&variant=P&ct=RA-PDF,"['1', 'Gjeld ']"
https://innsyn.onacos.no/sorfron/wfdocument.ashx?journalpostid=2019003002&dokid=224772&versjon=2&variant=P&ct=RA-PDF,"['1', 'Gjeld ']"
https://innsyn.onacos.no/sorfron/wfdocument.ashx?journalpostid=2019002094&dokid=223551&versjon=2&variant=P&,"['1', 'Gjeld ', 'Gjeld.']"
https://innsyn.onacos.no/sorfron/wfdocument.ashx?journalpostid=2019002094&dokid=222797&versjon=1&variant=A&,"['1', 'Lån.', 'Gjeld ']"
https://innsyn.onacos.no/sorfron/wfdocument.ashx?journalpostid=2019000071&dokid=220529&versjon=2&variant=P&,"['1', 'Gjeld ']"
https://innsyn.onacos.no/sorfron/wfdocument.ashx?journalpostid=2019000071&dokid=224310&versjon=1&variant=P&,"['1', 'Gjeld ']"
https://innsyn.onacos.no/sorfron/wfdocument.ashx?journalpostid=2019001965&dokid=223368&versjon=1&variant=P&ct=RA-PDF,"['1', 'Gjeld ']"
https://innsyn.onacos.no/sorfron/wfdocument.ashx?journalpostid=2019002599&dokid=224249&versjon=1&variant=P&ct=RA-PDF,"['1', 'Gjeld ']"
https://innsyn.onacos.no/sorfron/wfdocument.ashx?journalpostid=2019000447&dokid=221082&versjon=2&variant=P&,"['1', 'Gjeld ']"
https://innsyn.onacos.no/sorfron/wfdocument.ashx?journalpostid=2019000447&dokid=223363&versjon=1&variant=P&,"['1', 'Gjeld ']"
https://innsyn.onacos.no/sorfron/wfdocument.ashx?journalpostid=2019001643&dokid=222939&versjon=2&variant=P&,"['1', 'Gjeld ']"
https://innsyn.onacos.no/sorfron/wfdocument.ashx?journalpostid=2019001573&dokid=222817&versjon=2&variant=P&,"['1', 'Gjeld ']"
https://innsyn.onacos.no/sorfron/wfdocument.ashx?journalpostid=2019001671&dokid=222990&versjon=2&variant=P&,"['1', 'Gjeld ']"
https://innsyn.onacos.no/sorfron/wfdocument.ashx?journalpostid=2019001577&dokid=222822&versjon=2&variant=P&,"['1', 'Gjeld ']"
https://innsyn.onacos.no/sorfron/wfdocument.ashx?journalpostid=2019001477&dokid=222659&versjon=2&variant=P&,"['1', 'Gjeld ']"
https://innsyn.onacos.no/sorfron/wfdocument.ashx?journalpostid=2019001477&dokid=222797&versjon=1&variant=A&,"['1', 'Lån.', 'Gjeld ']"
http://innsyn.e-kommune.no/innsyn_sorodal/wfdocument.aspx?journalpostid=2019001402&dokid=269511&versjon=1&variant=A&ct=RA-PDF,"['1', 'Gjeld.']"
http://innsyn.e-kommune.no/innsyn_sorodal/wfdocument.aspx?journalpostid=2019000103&dokid=267249&versjon=2&variant=A&,"['1', 'Lån ', 'Lån.', 'Avdrag']"
http://innsyn.e-kommune.no/innsyn_sorodal/wfdocument.aspx?journalpostid=2019000069&dokid=267483&versjon=14&variant=A&,"['1', 'Gjeld.']"
https://aspephpub.public.cloudservices.no/Sorreisa/Dmb/ShowDmbDocument?mId=155&documentTypeId=MI,"['1', 'Lån ', 'Lån.']"
https://aspephpub.public.cloudservices.no/Sorreisa/Dmb/ShowDmbDocument?mId=92&documentTypeId=MI,"['1', 'Lån ']"
https://aspephpub.public.cloudservices.no/Sorreisa/Dmb/ShowDmbDocument?mId=143&documentTypeId=MI,"['1', 'Lån ', 'Lån.']"
https://aspephpub.public.cloudservices.no/Sorreisa/Dmb/ShowDmbDocument?mId=140&documentTypeId=MI,"['1', 'Lån ', 'Lån.', 'Gjeld ']"
https://aspephpub.public.cloudservices.no/Sorreisa/Dmb/ShowDmbDocument?mId=142&documentTypeId=MI,"['1', 'Lån ', 'Lån.']"
https://aspephpub.public.cloudservices.no/Sorreisa/Dmb/ShowDmbDocument?mId=145&documentTypeId=MI,"['1', 'Lån ', 'Lån.', 'Lån,']"
https://aspephpub.public.cloudservices.no/Sorreisa/Dmb/ShowDmbDocument?mId=185&documentTypeId=MI,"['1', 'Lån ', 'Lån.', 'Lån,']"
https://aspephpub.public.cloudservices.no/Sorreisa/Dmb/ShowDmbDocument?mId=187&documentTypeId=MI,"['1', 'Lån ', 'Lån.', 'Lån,']"
http://opengov.cloudapp.net/Meetings/SORUM/File/Details/944949.PDF?fileName=M%C3%B8teinnkalling%20Kommunestyret%2006.02.2019&fileSize=10899754,"['1', 'Lån ']"
http://opengov.cloudapp.net/Meetings/SORUM/File/Details/949080.PDF?fileName=M%C3%B8teinnkalling%20Kommunestyret%2006.02.2019%20-%20oppdatert%201.2.2019&fileSize=11864056,"['1', 'Lån ']"
http://opengov.cloudapp.net/Meetings/SORUM/File/Details/950583.PDF?fileName=Protokoll%20Kommunestyret%2006.02.2019&fileSize=1293193,"['1', 'Lån ']"
https://innsyn.onacos.no/sorvaranger/prod/wfdocument.ashx?journalpostid=2018024673&dokid=428020&versjon=1&variant=A&,"['1', 'Lån ']"
https://innsyn.onacos.no/sorvaranger/prod/wfdocument.ashx?journalpostid=2018021695&dokid=420878&versjon=8&variant=A&,"['1', 'Lån ', 'Avdrag']"
https://innsyn.onacos.no/sorvaranger/prod/wfdocument.ashx?journalpostid=2018021695&dokid=426689&versjon=1&variant=A&,"['1', 'Lån ', 'Avdrag']"
https://innsyn.onacos.no/sorvaranger/prod/wfdocument.ashx?journalpostid=2019000629&dokid=427734&versjon=5&variant=A&,"['1', 'Lån,']"
https://innsyn.onacos.no/sorvaranger/prod/wfdocument.ashx?journalpostid=2019000735&dokid=427912&versjon=2&variant=A&,"['1', 'Lån ', 'Lån.', 'Gjeld.', 'Gjeld,']"
https://innsyn.onacos.no/sorvaranger/prod/wfdocument.ashx?journalpostid=2019000735&dokid=427108&versjon=1&variant=A&,"['1', 'Lån ', 'Lån.', 'Lån,', 'Gjeld ', 'Gjeld.', 'Gjeld,', 'Avdrag']"
https://innsyn.onacos.no/sorvaranger/prod/wfdocument.ashx?journalpostid=2019000684&dokid=427853&versjon=1&variant=A&,"['1', 'Lån ']"
https://innsyn.onacos.no/sorvaranger/prod/wfdocument.ashx?journalpostid=2019000724&dokid=427894&versjon=1&variant=A&,"['1', 'Lån ']"
https://innsyn.onacos.no/sorvaranger/prod/wfdocument.ashx?journalpostid=2018008950&dokid=397913&versjon=20&variant=A&,"['1', 'Avdrag']"
http://einnsyn.tana.kommune.no/einnsynTana/Dmb/ShowDmbDocument?mId=1076&documentTypeId=MI,"['1', 'Lån ', 'Lån.', 'Gjeld ', 'Avdrag']"
http://einnsyn.tana.kommune.no/einnsynTana/DmbHandling/ShowDmbHandlingDocument?dmbId=21342&caseType=Protokoll&registryEntryId=0,"['1', 'Lån ', 'Lån.', 'Gjeld ', 'Avdrag']"
http://einnsyn.tana.kommune.no/einnsynTana/DmbHandling/ShowDmbHandlingDocument?dmbId=21343&caseType=Protokoll&registryEntryId=0,"['1', 'Lån ', 'Lån.', 'Gjeld ', 'Avdrag']"
http://einnsyn.tana.kommune.no/einnsynTana/DmbHandling/ShowDmbHandlingDocument?dmbId=21344&caseType=Protokoll&registryEntryId=0,"['1', 'Lån ', 'Lån.', 'Gjeld ', 'Avdrag']"
http://einnsyn.tana.kommune.no/einnsynTana/DmbHandling/ShowDmbHandlingDocument?dmbId=21517&caseType=Protokoll&registryEntryId=0,"['1', 'Lån ', 'Lån.', 'Gjeld ', 'Avdrag']"
http://einnsyn.tana.kommune.no/einnsynTana/DmbHandling/ShowDmbHandlingDocument?dmbId=21580&caseType=Protokoll&registryEntryId=0,"['1', 'Lån ', 'Lån.', 'Gjeld ', 'Avdrag']"
http://einnsyn.tana.kommune.no/einnsynTana/DmbHandling/ShowDmbHandlingDocument?dmbId=21626&caseType=Protokoll&registryEntryId=0,"['1', 'Lån ', 'Lån.', 'Gjeld ', 'Avdrag']"
http://einnsyn.tana.kommune.no/einnsynTana/DmbHandling/ShowDmbHandlingDocument?dmbId=21627&caseType=Protokoll&registryEntryId=0,"['1', 'Lån ', 'Lån.', 'Gjeld ', 'Avdrag']"
http://einnsyn.tana.kommune.no/einnsynTana/DmbHandling/ShowDmbHandlingDocument?dmbId=21628&caseType=Protokoll&registryEntryId=0,"['1', 'Lån ', 'Lån.', 'Gjeld ', 'Avdrag']"
http://einnsyn.tana.kommune.no/einnsynTana/DmbHandling/ShowDmbHandlingDocument?dmbId=21629&caseType=Protokoll&registryEntryId=0,"['1', 'Lån ', 'Lån.', 'Gjeld ', 'Avdrag']"
http://einnsyn.tana.kommune.no/einnsynTana/DmbHandling/ShowDmbHandlingDocument?dmbId=21638&caseType=Protokoll&registryEntryId=0,"['1', 'Lån ', 'Lån.', 'Gjeld ', 'Avdrag']"
http://einnsyn.tana.kommune.no/einnsynTana/DmbHandling/ShowDmbHandlingDocument?dmbId=21639&caseType=Protokoll&registryEntryId=0,"['1', 'Lån ', 'Lån.', 'Gjeld ', 'Avdrag']"
https://innsyn.tingvoll.kommune.no/DmbHandling/ShowDmbHandlingDocument?dmbId=10249&caseType=CasesFremlegg&registryEntryId=118489,"['1', 'Lån ', 'Avdrag']"
https://innsyn.tingvoll.kommune.no/DmbHandling/ShowDmbHandlingDocument?dmbId=10614&caseType=CasesFremlegg&registryEntryId=123050,"['1', 'Gjeld ']"
https://innsyn.tingvoll.kommune.no/Dmb/ShowDmbDocument?mId=918&documentTypeId=MI,"['1', 'Lån ', 'Lån.', 'Gjeld ', 'Gjeld,', 'Avdrag']"
https://innsyn.tingvoll.kommune.no/Dmb/ShowDmbDocument?mId=918&documentTypeId=MP,"['1', 'Lån ', 'Avdrag']"
https://innsyn.tingvoll.kommune.no/DmbHandling/ShowDmbHandlingDocument?dmbId=10248&caseType=CasesFremlegg&registryEntryId=118489,"['1', 'Lån ', 'Avdrag']"
https://innsyn.tingvoll.kommune.no/DmbHandling/ShowDmbHandlingDocument?dmbId=10565&caseType=CasesFremlegg&registryEntryId=123015,"['1', 'Gjeld ']"
https://innsyn.tingvoll.kommune.no/DmbHandling/ShowDmbHandlingDocument?dmbId=10568&caseType=CasesFremlegg&registryEntryId=123050,"['1', 'Gjeld ']"
https://innsyn.tingvoll.kommune.no/Dmb/ShowDmbDocument?mId=929&documentTypeId=MP,"['1', 'Lån ', 'Avdrag']"
https://innsyn.tingvoll.kommune.no/DmbHandling/ShowDmbHandlingDocument?dmbId=10661&caseType=CasesFremlegg&registryEntryId=124005,"['1', 'Gjeld ']"
https://innsyn.tingvoll.kommune.no/DmbHandling/ShowDmbHandlingDocument?dmbId=10692&caseType=CasesFremlegg&registryEntryId=124371,"['1', 'Gjeld ']"
https://innsyn.tingvoll.kommune.no/DmbHandling/ShowDmbHandlingDocument?dmbId=10710&caseType=CasesFremlegg&registryEntryId=124543,"['1', 'Lån ', 'Gjeld ', 'Avdrag']"
https://innsyn.tingvoll.kommune.no/DmbHandling/ShowDmbHandlingDocument?dmbId=10710&caseType=Protokoll&registryEntryId=124543,"['1', 'Lån ', 'Avdrag']"
https://innsyn.tingvoll.kommune.no/Dmb/ShowDmbDocument?mId=930&documentTypeId=MI,"['1', 'Gjeld ']"
https://innsyn.tingvoll.kommune.no/DmbHandling/ShowDmbHandlingDocument?dmbId=10728&caseType=CasesFremlegg&registryEntryId=124274,"['1', 'Gjeld ']"
https://innsyn.tingvoll.kommune.no/DmbHandling/ShowDmbHandlingDocument?dmbId=10062&caseType=CasesFremlegg&registryEntryId=116644,"['1', 'Gjeld ', 'Gjeld.']"
https://innsyn.tingvoll.kommune.no/Dmb/ShowDmbDocument?mId=991&documentTypeId=MP,"['1', 'Lån ', 'Avdrag']"
https://innsyn.tingvoll.kommune.no/DmbHandling/ShowDmbHandlingDocument?dmbId=10683&caseType=CasesFremlegg&registryEntryId=124164,"['1', 'Lån ']"
https://innsyn.tingvoll.kommune.no/DmbHandling/ShowDmbHandlingDocument?dmbId=10709&caseType=CasesFremlegg&registryEntryId=124543,"['1', 'Lån ', 'Gjeld ', 'Avdrag']"
https://innsyn.tingvoll.kommune.no/DmbHandling/ShowDmbHandlingDocument?dmbId=10729&caseType=CasesFremlegg&registryEntryId=124851,"['1', 'Lån ']"
https://innsyn.tingvoll.kommune.no/Dmb/ShowDmbDocument?mId=990&documentTypeId=MP,"['1', 'Lån ', 'Avdrag']"
https://innsyn.tingvoll.kommune.no/DmbHandling/ShowDmbHandlingDocument?dmbId=10707&caseType=CasesFremlegg&registryEntryId=124543,"['1', 'Lån ', 'Gjeld ', 'Avdrag']"
https://innsyn.tingvoll.kommune.no/Dmb/ShowDmbDocument?mId=992&documentTypeId=MP,"['1', 'Lån ', 'Avdrag']"
https://innsyn.tingvoll.kommune.no/DmbHandling/ShowDmbHandlingDocument?dmbId=10708&caseType=CasesFremlegg&registryEntryId=124543,"['1', 'Lån ', 'Gjeld ', 'Avdrag']"
